DELETE FROM `spell_target_position` WHERE `id` IN (70075, 70251, 70472, 70390, 92633, 74100);
INSERT INTO `spell_target_position` VALUES
('70075', '0', '648', '-8248.97', '1479.74', '41.4814', '3.1'),
('70251', '0', '648', '-8402.31', '1363.6', '118.27', '0'),
('70472', '0', '648', '-8423.98', '1358.72', '117.706', '3.1'),
('70390', '0', '648', '-7861.84', '1831.27', '8.53755', '0.0119958'),
('92633', '0', '648', '-7852.59', '1840.1', '7.61145', '0.41839'),
('74100', '0', '648', '534.835', '3272.92', '0.171872', '4.95');


UPDATE `creature_template` SET `unit_flags` = '0', `unit_flags2` = '0', `VehicleId` = '448', `dynamicflags` = '1'  WHERE `entry` = '34840';
UPDATE `creature_template` SET `VehicleId` = '582', `spell1` = '69992', `unit_flags2` = '67584' , `unit_flags` = '4' WHERE `entry` = '37179';
UPDATE `creature_template` SET `npcflag` = npcflag + 16777216 WHERE `entry` = '37179';
UPDATE `creature_template` SET `VehicleId` = '579' WHERE `entry` = '37213';
UPDATE `creature_template` SET `equipment_id` = '35378' WHERE `entry` = '35378';
UPDATE `creature_template` SET `AIName` = '' WHERE `entry` IN (35660);
UPDATE `creature_template` SET `InhabitType` = '3' WHERE `entry` = '35456';
UPDATE `creature_template` SET `npcflag` = '16777216' WHERE `entry` = '34830';
UPDATE `creature_template` SET `npcflag` = '3', `unit_flags` = '0', `unit_flags2` = '0' WHERE `entry` = '37114';
UPDATE `creature_template` SET `exp` = '4', `speed_walk` = '12', `speed_run` = '12', `unit_flags` = '0', `unit_flags2` = '0', `InhabitType` = '4' WHERE `entry` = '48572';
UPDATE `creature_template` SET `faction_A` = '14', `faction_H` = '14' WHERE `entry` = '35623';

DELETE FROM `creature_equip_template` WHERE `entry` = '35378';
INSERT INTO `creature_equip_template` VALUES ('35378', '0', '0', '52052');


REPLACE INTO `creature_template_addon` VALUES
('35753', '0', '0', '50397184', '1', '472', '49414'),
('48526', '0', '0', '0', '0', '0', '80816'),
('34693', '0', '0', '0', '0', '0', '80816 80264'),
('37114', '0', '0', '0', '0', '0', '80816'),
('37179', '0', '0', '0', '0', '0', '80816'),
('37203', '0', '0', '50397184', '0', '0', '70086 89476'),
('37953', '0', '0', '0', '1', '0', null),
('38027', '0', '0', '0', '1', '0', null),
('38218', '0', '2410', '0', '0', '0', null),
('38221', '0', '0', '0', '1', '0', null),
('38287', '0', '0', '0', '1', '0', null),
('38331', '0', '0', '0', '1', '0', '72136'),
('38348', '0', '0', '0', '1', '0', null),
('38377', '0', '0', '0', '1', '0', '51195'),
('38415', '0', '0', '0', '1', '0', null),
('38424', '0', '0', '0', '1', '0', null),
('38426', '0', '0', '0', '1', '0', null),
('38464', '0', '10721', '0', '0', '0', null),
('38465', '0', '0', '0', '1', '0', null),
('38466', '0', '0', '0', '1', '0', null),
('38469', '0', '10721', '0', '0', '0', null),
('38470', '0', '0', '0', '1', '0', null),
('38553', '0', '0', '0', '1', '0', null),
('38611', '0', '0', '0', '1', '0', null),	
('38755', '0', '0', '0', '1', '0', null),
('44428', '0', '0', '0', '0', '0', '67503'),
('50247', '0', '0', '0', '1', '0', null),
('36458', '0', '0', '0', '1', '0', null),
('36457', '0', '0', '0', '1', '0', null),
('37783', '0', '0', '0', '1', '0', null),
('36459', '0', '0', '0', '1', '0', null),
('36461', '0', '0', '0', '1', '0', null),
('36616', '0', '0', '0', '1', '0', null),
('37065', '0', '0', '0', '1', '0', null),
('35077', '0', '0', '0', '0', '27', '67503'),
('37195', '0', '0', '0', '1', '0', null),
('37806', '0', '10718', '0', '0', '0', null),
('37874', '0', '0', '8', '0', '0', null),
('37875', '0', '0', '0', '1', '0', null),
('37889', '0', '0', '0', '1', '0', null),
('37891', '0', '0', '0', '1', '0', null),
('37892', '0', '0', '0', '1', '0', null),
('36454', '0', '0', '0', '1', '0', null),
('36491', '0', '0', '0', '1', '0', null),
('36492', '0', '0', '0', '1', '0', null),
('35906', '0', '2410', '0', '0', '0', null),
('35911', '0', '2410', '0', '0', '0', null),
('36140', '0', '0', '0', '1', '0', null),
('36200', '0', '0', '0', '1', '0', null),
('36211', '0', '0', '0', '1', '0', null),
('36231', '0', '0', '0', '1', '0', null),
('36283', '0', '0', '0', '1', '0', null),
('36287', '0', '0', '0', '1', '0', null),
('36289', '0', '0', '0', '1', '0', null),
('36294', '0', '0', '0', '1', '0', null),
('36312', '0', '10718', '0', '0', '0', null),
('35378', '0', '0', '0', '2', '214', null),
('35550', '0', '2410', '0', '0', '0', null),
('35839', '0', '0', '0', '1', '0', null),
('35839', '0', '0', '0', '1', '0', null),
('35870', '0', '0', '8', '1', '0', null),
('35871', '0', '0', '0', '0', '433', '34189'),
('35872', '0', '0', '0', '1', '0', null),
('35873', '0', '0', '0', '1', '0', '13236'),
('35874', '0', '0', '0', '2', '214', null),
('35660', '0', '0', '0', '1', '0', null),
('35566', '0', '0', '0', '2', '214', '67503'),
('35374', '0', '0', '0', '1', '0', null),
('35836', '0', '0', '0', '1', '0', null),
('35118', '0', '0', '0', '1', '0', '83470'),
('35505', '0', '0', '0', '1', '0', null),
('35627', '0', '0', '0', '1', '0', null),
('50471', '0', '0', '0', '0', '27', null),
('35456', '0', '0', '0', '1', '0', null),
('35229', '0', '0', '0', '1', '0', null),
('35231', '0', '0', '0', '0', '0', '67503'),
('35369', '0', '0', '0', '0', '431', null),	
('35170', '0', '0', '0', '1', '0', null),
('35167', '0', '0', '0', '1', '0', null),
('34884', '0', '0', '0', '1', '0', null),
('34981', '0', '0', '0', '1', '0', null),
('35112', '0', '2410', '0', '0', '0', null),
('36236', '0', '0', '0', '0', '375', null),
('37921', '0', '0', '0', '1', '0', null),	
('37916', '0', '0', '0', '1', '0', null),
('36488', '0', '0', '0', '1', '333', null),	
('37939', '0', '0', '0', '1', '0', null),
('50260', '0', '0', '50331649', '1', '0', null),
('34850', '0', '2410', '0', '1', '0', null),
('34863', '0', '0', '0', '0', '0', '29266'),
('34913', '0', '2410', '0', '1', '0', null),
('34571', '0', '0', '0', '1', '0', null),	
('34864', '0', '14582', '0', '1', '0', null),
('34916', '0', '0', '0', '1', '0', null),
('35232', '0', '0', '0', '0', '333', null),
('41015', '0', '0', '0', '0', '333', null),
('36057', '0', '0', '0', '2', '385', null),		
('50474', '0', '0', '0', '1', '0', null),
('34511', '0', '0', '0', '1', '0', null);

UPDATE `quest_template` SET `RequiredNpcOrGo1` = '0', `RequiredNpcOrGoCount1`= '0', `RequiredNpcOrGo2` = '0', `RequiredNpcOrGoCount2`= '0' WHERE `Id` = '24502';
UPDATE `quest_template` SET `RequiredNpcOrGo1` = '0', `RequiredNpcOrGoCount1`= '0'  WHERE `Id` = '14274';

UPDATE `gameobject_template` SET `IconName` = 'openhandglow' WHERE `entry` = '195327';
UPDATE `gameobject_template` SET `WDBVerified` = '16048' WHERE `entry` = '195449';

DELETE FROM `script_waypoint` WHERE `entry` in (37598, 37114);
INSERT INTO `script_waypoint` VALUES
('37114', '1', '-8250.91', '1484.29', '41.4999', '0', ''),
('37598', '1', '-8424.13', '1343.75', '102.409', '0', ''),
('37598', '2', '-8424.26', '1346.88', '104.663', '0', ''),
('37598', '3', '-8423.78', '1365.9', '104.675', '0', '');

UPDATE `creature_template` SET `VehicleId` = '579' WHERE `entry` = '37213';

DELETE FROM `waypoint_data` WHERE `id` = '375980';
INSERT INTO `waypoint_data` VALUES
('375980', '1', '-9757.36', '-3981', '21.4203', '0', '0', '0', '0', '100', '0'),
('375980', '2', '-9770.47', '-4022.24', '17.9035', '0', '0', '0', '0', '100', '0'),
('375980', '3', '-9806.35', '-4036.61', '21.917', '0', '0', '0', '0', '100', '0'),
('375980', '4', '-9835.41', '-4067.53', '21.5148', '0', '0', '0', '0', '100', '0'),
('375980', '5', '-9836.09', '-4087.16', '19.5419', '0', '0', '0', '0', '100', '0'),
('375980', '6', '-9856.39', '-4094.3', '21.3194', '0', '0', '0', '0', '100', '0'),
('375980', '7', '-9874.42', '-4113.06', '19.5372', '0', '0', '0', '0', '100', '0'),
('375980', '8', '-9894.43', '-4131.98', '19.9014', '0', '0', '0', '0', '100', '0'),
('375980', '9', '-9906.47', '-4134.66', '22.1825', '0', '0', '0', '0', '100', '0'),
('375980', '10', '-9915.88', '-4124.07', '22.4304', '0', '0', '0', '0', '100', '0'),
('375980', '11', '-9931.51', '-4132.8', '22.0286', '0', '0', '0', '0', '100', '0'),
('375980', '12', '-9999.95', '-4198.47', '22.0317', '0', '0', '0', '0', '100', '0'),
('375980', '13', '-10039.8', '-4174.94', '21.831', '0', '0', '0', '0', '100', '0'),
('375980', '14', '-10078.5', '-4204.58', '23.7493', '0', '0', '0', '0', '100', '0'),
('375980', '15', '-10104.2', '-4198.45', '23.4494', '0', '0', '0', '0', '100', '0'),
('375980', '16', '-10147.3', '-4269.78', '21.7071', '0', '0', '0', '0', '100', '0'),
('375980', '17', '-10178.2', '-4287.6', '23.2375', '0', '0', '0', '0', '100', '0'),
('375980', '18', '-10207.5', '-4285.36', '23.2989', '0', '0', '0', '0', '100', '0'),
('375980', '19', '-10273.9', '-4312.62', '23.5161', '0', '0', '0', '0', '100', '0'),
('375980', '20', '-10298.7', '-4336.92', '20.2475', '0', '0', '0', '0', '100', '0'),
('375980', '21', '-10343.4', '-4317.38', '23.4357', '0', '0', '0', '0', '100', '0'),
('375980', '22', '-10361.6', '-4336.03', '21.843', '0', '0', '0', '0', '100', '0'),
('375980', '23', '-10394.3', '-4312.68', '22.9371', '0', '0', '0', '0', '100', '0'),
('375980', '24', '-9735.62', '-3947.98', '21.2061', '0', '0', '0', '0', '100', '0'),
('375980', '25', '-10394.3', '-4312.68', '22.9371', '0', '0', '0', '0', '100', '0'),
('375980', '26', '-10361.6', '-4336.03', '21.843', '0', '0', '0', '0', '100', '0'),
('375980', '27', '-10343.4', '-4317.38', '23.4357', '0', '0', '0', '0', '100', '0'),
('375980', '28', '-10298.7', '-4336.92', '20.2475', '0', '0', '0', '0', '100', '0'),
('375980', '29', '-10273.9', '-4312.62', '23.5161', '0', '0', '0', '0', '100', '0'),
('375980', '30', '-10207.5', '-4285.36', '23.2989', '0', '0', '0', '0', '100', '0'),
('375980', '31', '-10178.2', '-4287.6', '23.2375', '0', '0', '0', '0', '100', '0'),
('375980', '32', '-10147.3', '-4269.78', '21.7071', '0', '0', '0', '0', '100', '0'),
('375980', '33', '-10104.2', '-4198.45', '23.4494', '0', '0', '0', '0', '100', '0'),
('375980', '34', '-10078.5', '-4204.58', '23.7493', '0', '0', '0', '0', '100', '0'),
('375980', '35', '-10039.8', '-4174.94', '21.831', '0', '0', '0', '0', '100', '0'),
('375980', '36', '-9999.95', '-4198.47', '22.0317', '0', '0', '0', '0', '100', '0'),
('375980', '37', '-9931.51', '-4132.8', '22.0286', '0', '0', '0', '0', '100', '0'),
('375980', '38', '-9915.88', '-4124.07', '22.4304', '0', '0', '0', '0', '100', '0'),
('375980', '39', '-9906.47', '-4134.66', '22.1825', '0', '0', '0', '0', '100', '0'),
('375980', '40', '-9894.43', '-4131.98', '19.9014', '0', '0', '0', '0', '100', '0'),
('375980', '41', '-9874.42', '-4113.06', '19.5372', '0', '0', '0', '0', '100', '0'),
('375980', '42', '-9856.39', '-4094.3', '21.3194', '0', '0', '0', '0', '100', '0'),
('375980', '43', '-9836.09', '-4087.16', '19.5419', '0', '0', '0', '0', '100', '0'),
('375980', '44', '-9835.41', '-4067.53', '21.5148', '0', '0', '0', '0', '100', '0'),
('375980', '45', '-9806.35', '-4036.61', '21.917', '0', '0', '0', '0', '100', '0'),
('375980', '46', '-9770.47', '-4022.24', '17.9035', '0', '0', '0', '0', '100', '0');


DELETE FROM `conditions` WHERE `SourceEntry` IN (69993, 69992, 70052, 66306, 70015, 70075);
INSERT INTO `conditions` VALUES
('13', '0', '69993', '0', '0', '18', '0', '1', '37114', '0', '0','0', '', null),
('13', '0', '69992', '0', '0', '18', '0', '1', '37114', '0', '0','0', '', null),
('13', '0', '70052', '0', '0', '18', '0', '1', '37203', '0', '0','0', '', null),
('18', '34830', '66306', '0', '0', '9', '0', '14069', '0', '0', '0', '0', '', null),
('18', '34830', '66306', '0', '0', '8', '0', '14069', '0', '0', '1', '0', '', null),
('18', '48526', '70015', '0', '0', '9', '0', '24502', '0', '0', '0', '0', '', null),
('18', '48526', '70075', '0', '0', '8', '0', '28414', '0', '0', '1', '0', '', null),
('18', '48526', '70075', '0', '0', '9', '0', '28414', '0', '0', '0', '0', '', null),
('18', '48526', '70015', '0', '0', '8', '0', '24502', '0', '0', '1', '0', '', null);

REPLACE INTO conditions VALUES
('15', '50260', '0', '0', '0', '2', '0', '12563', '1', '1', '1', '0', '', null),
('15', '50260', '0', '0', '0', '27', '0', '55', '3', '0', '0', '0', '', null),
('7', '37921', '43109', '0', '0', '7', '0', '773', '325', '0', '0', '0', '', null),
('7', '37921', '39343', '0', '0', '7', '0', '773', '325', '0', '0', '0', '', null),	
('13', '0', '67805', '0', '0', '18', '0', '1', '35463', '0', '0', '0', '', null),
('18', '36283', '46598', '0', '0', '8', '0', '14382', '0', '0', '1', '0', '', null),
('18', '36283', '46598', '0', '0', '9', '0', '14382', '0', '0', '0', '0', '', null),
('18', '36287', '68597', '0', '0', '9', '0', '14368', '0', '0', '0', '0', '', null),
('18', '36287', '68597', '0', '0', '8', '0', '14368', '0', '0', '1', '0', '', null),
('18', '36288', '68598', '0', '0', '9', '0', '14368', '0', '0', '0', '0', '', null),
('18', '36288', '68598', '0', '0', '8', '0', '14368', '0', '0', '1', '0', '', null),
('18', '36289', '68596', '0', '0', '9', '0', '14368', '0', '0', '0', '0', '', null),
('18', '36289', '68596', '0', '0', '8', '0', '14368', '0', '0', '1', '0', '', null),
('18', '36459', '68743', '0', '0', '9', '0', '14401', '0', '0', '0', '0', '', null),
('18', '36459', '68743', '0', '0', '8', '0', '14401', '0', '0', '1', '0', '', null),
('18', '36540', '94654', '0', '0', '9', '0', '14416', '0', '0', '0', '0', '', null),
('18', '36540', '94654', '0', '0', '8', '0', '14416', '0', '0', '1', '0', '', null),
('18', '36440', '68735', '0', '0', '9', '0', '14395', '0', '0', '0', '0', '', null),
('18', '36440', '68735', '0', '0', '8', '0', '14395', '0', '0', '1', '0', '', null),
('18', '38377', '46598', '0', '0', '9', '0', '24904', '0', '0', '0', '0', '', null),
('18', '38377', '46598', '0', '0', '8', '0', '24904', '0', '0', '1', '0', '', null),
('13', '1', '38469', '0', '1', '31', '0', '3', '22139', '0', '0', '0', '', null),
('13', '1', '38469', '0', '0', '31', '0', '3', '22137', '0', '0', '0', '', null),
('13', '1', '38530', '0', '0', '31', '0', '3', '19440', '0', '0', '0', '', null),
('13', '1', '38530', '0', '1', '31', '0', '3', '22177', '0', '0', '0', '', null);

DELETE FROM `conditions` WHERE `SourceTypeOrReferenceId` = '20' AND `SourceEntry` IN (14113, 14153);
INSERT INTO `conditions` VALUES
('20', '0', '14113', '0', '1', '8', '0', '14007', '0', '0', '0', '0', '', null),
('20', '0', '14113', '0', '1', '8', '0', '14008', '0', '0', '0', '0', '', null),
('20', '0', '14113', '0', '1', '8', '0', '14009', '0', '0', '0', '0', '', null),
('20', '0', '14113', '0', '1', '8', '0', '14010', '0', '0', '0', '0', '', null),
('20', '0', '14113', '0', '1', '8', '0', '14011', '0', '0', '0', '0', '', null),
('20', '0', '14113', '0', '1', '8', '0', '14012', '0', '0', '0', '0', '', null),
('20', '0', '14113', '0', '0', '8', '0', '14070', '0', '0', '0', '0', '', null),
('20', '0', '14113', '0', '0', '8', '0', '14109', '0', '0', '0', '0', '', null),
('20', '0', '14113', '0', '0', '8', '0', '24520', '0', '0', '0', '0', '', null),
('20', '0', '14153', '0', '1', '8', '0', '14007', '0', '0', '0', '0', '', null),
('20', '0', '14153', '0', '1', '8', '0', '14008', '0', '0', '0', '0', '', null),
('20', '0', '14153', '0', '1', '8', '0', '14009', '0', '0', '0', '0', '', null),
('20', '0', '14153', '0', '1', '8', '0', '14010', '0', '0', '0', '0', '', null),
('20', '0', '14153', '0', '1', '8', '0', '14011', '0', '0', '0', '0', '', null),
('20', '0', '14153', '0', '1', '8', '0', '14012', '0', '0', '0', '0', '', null),
('20', '0', '14153', '0', '0', '8', '0', '14070', '0', '0', '0', '0', '', null),
('20', '0', '14153', '0', '0', '8', '0', '14110', '0', '0', '0', '0', '', null),
('20', '0', '14153', '0', '0', '8', '0', '24520', '0', '0', '0', '0', '', null);

DELETE FROM `conditions` WHERE `SourceTypeOrReferenceId` = '18' AND `SourceGroup` IN (44429, 35317, 36283, 36288, 36287, 36289, 36440, 36540, 36459, 44928, 38377, 38615, 44427, 38150);
INSERT INTO `conditions` VALUES
('18', '44427', '82992', '0', '0', '8', '0', '14212', '0', '0', '1', '0', '', null),
('18', '44429', '67001', '0', '0', '8', '0', '14212', '0', '0', '1', '0', '', null),
('18', '35317', '43671', '0', '0', '8', '0', '14218', '0', '0', '1', '0', '', null),
('18', '36283', '46598', '0', '0', '9', '0', '14382', '0', '0', '0', '0', '', null),
('18', '36288', '68598', '0', '0', '8', '0', '14368', '0', '0', '1', '0', '', null),
('18', '36287', '68597', '0', '0', '8', '0', '14368', '0', '0', '1', '0', '', null),
('18', '36289', '68596', '0', '0', '8', '0', '14368', '0', '0', '1', '0', '', null),
('18', '36440', '68735', '0', '0', '8', '0', '14395', '0', '0', '1', '0', '', null),
('18', '36540', '94654', '0', '0', '8', '0', '14416', '0', '0', '1', '0', '', null),
('18', '36459', '68743', '0', '0', '8', '0', '14401', '0', '0', '1', '0', '', null),
('18', '44928', '72767', '0', '0', '8', '0', '24438', '0', '0', '1', '0', '', null),
('18', '38377', '46598', '0', '0', '8', '0', '24904', '0', '0', '1', '0', '', null),
('18', '38615', '72472', '0', '0', '8', '0', '24920', '0', '0', '1', '0', '', null),
('18', '44427', '82992', '0', '0', '9', '0', '14212', '0', '0', '0', '0', '', null),
('18', '44429', '67001', '0', '0', '9', '0', '14212', '0', '0', '0', '0', '', null),
('18', '35317', '43671', '0', '0', '9', '0', '14218', '0', '0', '0', '0', '', null),
('18', '36283', '46598', '0', '0', '8', '0', '14382', '0', '0', '1', '0', '', null),
('18', '36288', '68598', '0', '0', '9', '0', '14368', '0', '0', '0', '0', '', null),
('18', '36287', '68597', '0', '0', '9', '0', '14368', '0', '0', '0', '0', '', null),
('18', '36289', '68596', '0', '0', '9', '0', '14368', '0', '0', '0', '0', '', null),
('18', '36440', '68735', '0', '0', '9', '0', '14395', '0', '0', '0', '0', '', null),
('18', '36540', '94654', '0', '0', '9', '0', '14416', '0', '0', '0', '0', '', null),
('18', '36459', '68743', '0', '0', '9', '0', '14401', '0', '0', '0', '0', '', null),
('18', '44928', '72767', '0', '0', '9', '0', '24438', '0', '0', '0', '0', '', null),
('18', '38377', '46598', '0', '0', '9', '0', '24904', '0', '0', '0', '0', '', null),
('18', '38615', '72472', '0', '0', '9', '0', '24920', '0', '0', '0', '0', '', null),
('18', '38150', '71238', '0', '0', '9', '0', '24681', '0', '0', '0', '0', '', null),
('18', '38150', '71238', '0', '0', '8', '0', '24681', '0', '0', '1', '0', '', null);


REPLACE INTO creature_equip_template VALUES
('36457', '0', '0', '15460'),
('37783', '0', '0', '15460'),
('36461', '25160', '0', '2552'),
('36616', '0', '0', '2552'),
('36743', '46737', '0', '0'),
('37065', '0', '0', '2552'),
('37067', '3367', '0', '0'),
('35232', '5305', '1984', '2551'),
('34864', '5305', '1984', '2551'),
('35112', '46737', '0', '0'),
('41015', '54824', '0', '2552'),
('34916', '5305', '1984', '2551'),
('34571', '3364', '0', '0'),
('34913', '3364', '0', '52052'),
('34850', '3364', '0', '2552'),
('37916', '10612', '11019', '0'),
('37195', '56171', '0', '0'),
('37806', '25160', '0', '0'),
('37808', '57214', '0', '0'),
('38415', '56171', '0', '0'),
('37874', '2198', '0', '0'),
('37953', '34285', '34285', '18680'),
('38029', '0', '0', '2552'),
('38426', '10616', '0', '15460'),
('38464', '30403', '30403', '18680'),
('38465', '1908', '0', '0'),
('38466', '5276', '0', '0'),
('38469', '2179', '2179', '42775'),
('38470', '46737', '0', '0'),
('38553', '2198', '0', '0'),
('38611', '10616', '0', '15460'),
('38611', '10616', '0', '15460'),
('38767', '46737', '0', '0'),
('38768', '0', '0', '15460'),
('36057', '5305', '0', '2552'),	
('50474', '5305', '1984', '2552'),
('35378', '0', '0', '52052'),
('35550', '46737', '0', '0'),
('35566', '56171', '0', '52052'),
('35839', '12944', '2445', '0'),
('35839', '12944', '2445', '0'),
('35870', '5276', '0', '0'),
('35871', '2184', '0', '0'),
('35872', '1908', '0', '0'),
('35873', '1908', '0', '0'),
('35874', '0', '0', '2552'),
('35906', '54824', '0', '0'),
('35911', '46737', '0', '0'),
('36140', '12791', '0', '2552'),
('36205', '1899', '0', '0'),
('36211', '3364', '0', '2552'),
('36312', '30403', '30403', '18680'),
('36451', '0', '0', '2552'),
('36452', '3364', '0', '0'),
('36454', '1161', '0', '0'),
('36455', '52054', '0', '0'),
('36491', '44236', '0', '0'),
('36492', '44236', '0', '0');

DELETE FROM vehicle_template_accessory WHERE entry IN (35905, 37939, 35914, 36283, 38287, 38755, 43336);
REPLACE INTO vehicle_template_accessory VALUES
('37939', '37938', '0', '0', '', '6', '30000'),
('35914', '50474', '0', '0', '', '6', '30000'),
('36283', '36292', '2', '1', '', '6', '30000'),
('38287', '38363', '0', '0', '', '6', '30000'),
('38755', '43338', '0', '1', '', '6', '30000'),
('38755', '43338', '1', '1', '', '6', '30000'),
('38755', '44928', '2', '1', '', '6', '30000'),
('43336', '43338', '0', '1', '', '6', '30000'),
('43336', '43338', '1', '1', '', '6', '30000'),
('43336', '43337', '2', '1', '', '6', '30000');

DELETE FROM npc_spellclick_spells WHERE npc_entry = 35905;
DELETE FROM waypoints WHERE entry = 35905;
UPDATE creature_template SET MovementType = 0, InhabitType = 1 WHERE entry = 35905;
DELETE FROM creature_template_addon WHERE entry = 35905;
DELETE FROM smart_scripts WHERE entryorguid = 35905;
DELETE FROM script_waypoint WHERE entry = 35905;
DELETE FROM waypoint_data WHERE id = 359050;


DELETE FROM `npc_spellclick_spells` WHERE `npc_entry` IN (34830, 48526, 43336, 37939, 36283, 36287, 36288, 36289, 36440, 36459, 36540, 38377, 38424, 38755);
INSERT INTO `npc_spellclick_spells` VALUES
('34830', '66306', '1', '0'),
('48526', '70015', '3', '0'),
('48526', '70075', '3', '0'),
('37939', '46598', '1', '0'),
('36283', '46598', '1', '0'),
('36287', '68597', '1', '0'),
('36288', '68598', '1', '0'),
('36289', '68596', '1', '0'),
('36440', '68735', '1', '0'),
('36459', '68743', '1', '0'),
('36540', '94654', '1', '0'),
('38377', '46598', '1', '0'),
('38424', '46598', '1', '0'),
('38755', '46598', '1', '0'),
('43336', '46598', '1', '0');


REPLACE INTO script_waypoint VALUES
('38766', '1', '-2090.44', '1277.76', '-84.2823', '0', ''),
('38766', '0', '-2110.44', '1288.52', '-83.5184', '0', ''),
('38766', '2', '-2084.05', '1278.96', '-84.8472', '0', ''),
('38537', '1', '-1561.6', '1554.87', '29.225', '0', ''),
('38537', '2', '-1572.79', '1543.7', '29.2055', '0', ''),
('38537', '3', '-1584.77', '1525.2', '29.2292', '0', ''),
('38537', '4', '-1587.24', '1513.67', '29.2302', '0', ''),
('38537', '5', '-1593.92', '1515.77', '29.2437', '0', ''),
('38537', '6', '-1565.76', '1551.48', '29.2214', '0', ''),
('38533', '1', '-1560.37', '1555.82', '29.2305', '0', ''),
('38533', '2', '-1572.49', '1543.19', '29.2057', '0', ''),
('38533', '3', '-1582.21', '1532.79', '29.2225', '0', ''),
('38533', '4', '-1592.74', '1522.01', '29.2369', '0', ''),
('38533', '5', '-1566.28', '1550.94', '29.2275', '0', ''),
('38530', '1', '-1563.58', '1554.83', '29.2228', '0', ''),
('38530', '2', '-1579.54', '1538.78', '29.2178', '0', ''),
('38530', '3', '-1601.35', '1515.97', '29.2488', '0', ''),
('38530', '4', '-1562.95', '1553.62', '29.2253', '0', ''),
('36741', '2', '-1852.71', '2302.98', '41.8658', '0', ''),
('36741', '3', '-1832.2', '2321.67', '37.9518', '2000', ''),
('36741', '4', '-1799.26', '2345.02', '35.7393', '0', ''),
('36741', '5', '-1784.89', '2365.27', '39.1875', '0', ''),
('36741', '6', '-1777.29', '2413.63', '52.9219', '0', ''),
('36741', '7', '-1767.03', '2449.39', '63.1745', '0', ''),
('36741', '8', '-1751.81', '2463.86', '69.9014', '0', ''),
('36741', '1', '-1875.48', '2292.34', '42.2551', '0', ''),
('36741', '0', '-1902.86', '2263.62', '42.3231', '0', ''),
('36741', '9', '-1718.04', '2465.8', '80.5825', '0', ''),
('36741', '10', '-1705.98', '2469.33', '84.9378', '0', ''),
('36741', '11', '-1691.09', '2494.77', '95.5378', '2000', ''),
('36741', '12', '-1672.92', '2515.75', '97.8955', '0', ''),
('36289', '2', '-1914.68', '2545.25', '1.44285', '0', ''),
('36289', '3', '-1904.75', '2543.2', '2.15877', '0', ''),
('36289', '4', '-1899.47', '2542.21', '0.0816519', '0', ''),
('36289', '5', '-1895.76', '2541.82', '2.05895', '0', ''),
('36289', '6', '-1886.7', '2540.94', '1.70612', '0', ''),
('36289', '1', '-1925.58', '2539.66', '1.39227', '0', ''),
('36289', '7', '-1882.16', '2544.39', '2.47432', '3000', ''),
('36289', '8', '-1874.34', '2551.01', '-5.90158', '0', ''),
('36288', '2', '-1929.14', '2554.46', '12.7338', '0', ''),
('36288', '3', '-1924.04', '2552.14', '12.7348', '0', ''),
('36288', '4', '-1923.14', '2553.34', '12.7356', '0', ''),
('36288', '5', '-1918.78', '2561.28', '3.58482', '0', ''),
('36288', '6', '-1920.61', '2563.84', '3.57943', '0', ''),
('36288', '7', '-1928.67', '2561.47', '3.57996', '0', ''),
('36288', '8', '-1934.72', '2563.82', '3.57991', '0', ''),
('36288', '9', '-1939.22', '2565.69', '1.39204', '0', ''),
('36288', '10', '-1953.24', '2535.6', '1.39302', '0', ''),
('36288', '11', '-1925.29', '2524.76', '1.63205', '0', ''),
('36288', '1', '-1927.22', '2560.1', '12.7338', '0', ''),
('36288', '12', '-1901.4', '2537.65', '2.30396', '0', ''),
('36288', '13', '-1896.16', '2538.1', '-0.292035', '0', ''),
('36288', '14', '-1892.66', '2539.06', '1.91681', '0', ''),
('36288', '15', '-1888.39', '2541.45', '1.61227', '0', ''),
('36288', '16', '-1882.51', '2544.63', '2.31061', '3000', ''),
('36288', '17', '-1874.68', '2550.27', '-5.90332', '0', ''),
('36287', '2', '-1959.06', '2518.59', '1.98274', '0', ''),
('36287', '3', '-1920.42', '2526.18', '1.76144', '0', ''),
('36287', '4', '-1903.6', '2539.51', '2.08061', '0', ''),
('36287', '5', '-1899.21', '2540.11', '0.238649', '0', ''),
('36287', '6', '-1895.54', '2540.74', '1.67874', '0', ''),
('36287', '1', '-1974.44', '2505.18', '1.91886', '0', ''),
('36287', '7', '-1887', '2541.96', '1.70361', '0', ''),
('36287', '8', '-1881.71', '2545.08', '2.11849', '3000', ''),
('36287', '9', '-1874.11', '2550.78', '-5.90632', '0', ''),
('38767', '1', '-2093.98', '1273.8', '-83.7214', '0', ''),
('38767', '0', '-2111.09', '1286.12', '-83.1804', '0', ''),
('38767', '2', '-2080.77', '1271.73', '-85.4695', '0', ''),
('38768', '1', '-2091.94', '1274.67', '-84.1946', '0', ''),
('38768', '0', '-2104', '1282', '-83.7271', '0', ''),
('38768', '2', '-2074.99', '1277.28', '-85.5108', '0', ''),
('43336', '3', '-1702.86', '2473.7', '86.9884', '0', ''),
('43336', '4', '-1704.09', '2466.76', '84.6075', '0', ''),
('43336', '5', '-1699.73', '2452.24', '81.7572', '0', ''),
('43336', '6', '-1699.8', '2435.41', '77.1209', '0', ''),
('43336', '7', '-1700.82', '2427.2', '74.3373', '0', ''),
('43336', '8', '-1725.14', '2393.65', '61.2145', '0', ''),
('43336', '9', '-1731.77', '2374.6', '60.7912', '0', ''),
('43336', '10', '-1757.94', '2302.26', '75.5436', '0', ''),
('43336', '11', '-1773.19', '2278.11', '80.8668', '0', ''),
('43336', '12', '-1790.21', '2256.69', '85.7321', '0', ''),
('43336', '13', '-1812.49', '2246.53', '89.2149', '0', ''),
('43336', '14', '-1823.27', '2239.64', '89.3155', '0', ''),
('43336', '15', '-1868.71', '2176.79', '89.3155', '0', ''),
('43336', '16', '-1872.98', '2092.98', '89.3155', '1000', 'GATE'),
('43336', '17', '-1872.73', '2066.85', '89.318', '0', ''),
('43336', '18', '-1886.58', '2029.91', '89.3155', '0', ''),
('43336', '19', '-1881.75', '1985.26', '89.3155', '0', ''),
('43336', '20', '-1877.36', '1973.83', '89.2388', '0', ''),
('43336', '21', '-1877.5', '1933.59', '89.1411', '0', ''),
('43336', '22', '-1883.66', '1913.55', '89.1507', '0', ''),
('43336', '23', '-1896.68', '1903.89', '89.2858', '0', ''),
('43336', '24', '-1990.36', '1903.16', '89.2858', '0', ''),
('43336', '25', '-2023.33', '1912.12', '86.4048', '0', ''),
('43336', '26', '-2046.02', '1914.38', '80.4862', '0', ''),
('43336', '2', '-1692.05', '2493.71', '95.1585', '0', ''),
('43336', '1', '-1686.77', '2500.83', '97.1004', '0', ''),
('43336', '0', '-1675.91', '2513.85', '97.897', '1000', ''),
('43336', '27', '-2067.93', '1905.14', '71.1068', '0', ''),
('43336', '28', '-2080.91', '1893.41', '62.5505', '0', ''),
('43336', '29', '-2104.66', '1869.35', '45.6143', '0', 'OGRE'),
('43336', '30', '-2114.97', '1842.07', '34.0154', '0', ''),
('43336', '31', '-2128.8', '1827.13', '26.2581', '0', ''),
('43336', '32', '-2146.25', '1814.43', '18.9608', '0', ''),
('43336', '33', '-2176.02', '1808.59', '12.8113', '0', ''),
('43336', '34', '-2213.6', '1808.5', '11.8228', '2000', 'FINISH'),
('43336', '35', '-2228.64', '1802.94', '11.7034', '0', ''),
('43336', '36', '-2255.75', '1796.21', '11.9147', '0', ''),
('43336', '37', '-2281.38', '1788.36', '11.2759', '0', ''),
('43336', '38', '-2298.2', '1783.69', '11.2567', '0', ''),
('43336', '39', '-2317.53', '1763.05', '10.9293', '0', '');


DELETE FROM `creature_questrelation` WHERE `id` IN (
2110,6491,6827,23289,34668,34673,34689,34692,34693,34695,
34696,34697,34699,34748,34763,34830,34835,34865,34872,34874,
34876,34877,34878,34890,34892,34954,35053,35054,35063,35075,
35120,35126,35128,35130,35175,35186,35200,35202,35207,35209,
35210,35211,35212,35213,35222,35234,35235,35236,35237,35238,
35239,35294,35304,35609,35613,35623,35650,35758,35769,35778,
35780,35786,35805,35806,35807,35810,35812,35837,35838,35875,
35882,35893,35894,35896,35897,35904,35917,35928,35929,36063,
36092,36103,36104,36112,36115,36117,36127,36129,36145,36149,
36153,36161,36176,36179,36180,36184,36186,36188,36344,36381,
36382,36383,36403,36404,36417,36418,36421,36422,36423,36424,
36425,36426,36427,36428,36429,36430,36432,36463,36464,36465,
36466,36467,36468,36469,36470,36471,36501,36513,36518,36519,
36520,36521,36523,36524,36525,36578,36591,36600,36608,36615,
36681,36682,36719,36721,36732,36735,36740,37054,37055,37056,
37057,37106,37203,37500,37602,37683,37708,37709,37710,37761,
37762,37804,38111,38120,38122,38124,38187,38224,38359,38360,
38381,38387,38409,38412,38432,38441,38510,38511,38513,38514,
38515,38516,38517,38518,38531,38647,38738,38745,38746,38753,
38845,38855,38928,38929,38935,39037,39039,39041,39042,39044,
39063,39064,39065,39066,39068,39069,39141,39142,39143,39145,
39147,39329,39354,39363,39376,39426,39456,39582,39589,39591,
39655,39660,40064,40067,40073,40074,40075,40076,40077,43359,
44580,45286,46485,48304,48305,48494,48526,48719,48721,48805,
48806,48949,48961,48962,49131,49132,49133,49150,49218,49338,
49339,49772,49773);

DELETE FROM `creature_involvedrelation` WHERE `id` IN (
2110,6491,6827,23289,34668,34673,34689,34692,34693,34695,
34696,34697,34699,34748,34763,34830,34835,34865,34872,34874,
34876,34877,34878,34890,34892,34954,35053,35054,35063,35075,
35120,35126,35128,35130,35175,35186,35200,35202,35207,35209,
35210,35211,35212,35213,35222,35234,35235,35236,35237,35238,
35239,35294,35304,35609,35613,35623,35650,35758,35769,35778,
35780,35786,35805,35806,35807,35810,35812,35837,35838,35875,
35882,35893,35894,35896,35897,35904,35917,35928,35929,36063,
36092,36103,36104,36112,36115,36117,36127,36129,36145,36149,
36153,36161,36176,36179,36180,36184,36186,36188,36344,36381,
36382,36383,36403,36404,36417,36418,36421,36422,36423,36424,
36425,36426,36427,36428,36429,36430,36432,36463,36464,36465,
36466,36467,36468,36469,36470,36471,36501,36507,36513,36518,
36519,36520,36521,36523,36524,36525,36578,36591,36600,36608,
36615,36681,36682,36719,36721,36732,36735,36740,37054,37055,
37056,37057,37106,37203,37500,37602,37683,37708,37709,37710,
37761,37762,37804,38111,38120,38122,38124,38187,38224,38359,
38360,38381,38387,38409,38412,38432,38441,38510,38511,38513,
38514,38515,38516,38517,38518,38531,38647,38738,38745,38746,
38753,38845,38855,38928,38929,38935,39037,39039,39041,39042,
39044,39063,39064,39065,39066,39068,39069,39141,39142,39143,
39145,39147,39329,39354,39363,39376,39426,39456,39582,39589,
39591,39655,39660,40064,40067,40073,40074,40075,40076,40077,
43359,44580,45286,46485,48304,48305,48494,48526,48719,48721,
48805,48806,48949,48961,48962,49131,49132,49133,49150,49218,
49338,49339,49772,49773);

-- ----------------------------
-- Records of creature_questrelation for kezan
-- ----------------------------
INSERT INTO `creature_questrelation` VALUES
('34668', '14070'),('34668', '14115'),('34668', '14116'),('34668', '14122'),('34668', '14125'),
('34668', '14126'),('34668', '14138'),('34668', '28349'),('34673', '14007'),('34689', '14008'),
('34692', '14009'),('34693', '14010'),('34693', '14123'),('34695', '14011'),('34696', '14012'),
('34697', '14013'),('34872', '14069'),('34872', '14075'),('34872', '14124'),('34872', '25473'),
('34874', '14071'),('34874', '14121'),('34874', '24567'),('35053', '14113'),('35053', '26712'),
('35054', '14153'),('35054', '26711'),('35120', '14109'),('35120', '14110'),('35222', '14120'),
('35650', '14014'),('35650', '14031'),('35650', '14233'),('35650', '14234'),('35650', '14248'),
('35758', '14019'),('35769', '14021'),('35769', '14031'),('35769', '14248'),('35786', '14473'),
('35837', '14233'),('35875', '14235'),('35875', '14237'),('35893', '14235'),('35893', '14236'),
('35893', '14303'),('35917', '14237'),('35917', '14238'),('35917', '14240'),('36112', '14241'),
('36127', '14241'),('36127', '14242'),('36145', '14242'),('36145', '14326'),('36161', '14243'),
('36161', '14326'),('36188', '14445'),('36425', '14244'),('36470', '14245'),('36471', '14245'),
('36471', '24945'),('36471', '27139'),('36600', '14001'),('36600', '14474'),('36608', '14239'),
('37106', '24488'),('37106', '24502'),('37106', '24520'),('37106', '28414'),('38120', '24671'),
('38120', '24744'),('38120', '24816'),('38120', '24856'),('38120', '24954'),('38120', '24958'),
('38120', '25214'),('38120', '27139'),('38122', '24741'),('38124', '24817'),('38124', '24946'),
('38124', '25110'),('38124', '25200'),('38124', '25204'),('38124', '25213'),('38381', '24859'),
('38387', '24897'),('38387', '24901'),('38387', '24924'),('38387', '24937'),('38387', '24940'),
('38387', '25058'),('38387', '25066'),('38387', '25098'),('38387', '25243'),('38387', '25244'),
('38387', '25251'),('38387', '25265'),('38432', '24856'),('38432', '24858'),('38432', '24864'),
('38432', '24868'),('38432', '24897'),('38441', '25203'),('38517', '25109'),('38647', '24924'),
('38647', '24925'),('38647', '24929'),('38647', '24937'),('38647', '25202'),('38738', '24940'),
('38738', '24942'),('38738', '24952'),('38738', '25201'),('38928', '25023'),('38935', '25024'),
('38935', '25099'),('38935', '25266'),('39065', '25093'),('39066', '25100');

-- ----------------------------
-- Records of creature_involvedrelation for kezan
-- ----------------------------
INSERT INTO `creature_involvedrelation` VALUES
('34668', '14070'),('34668', '14113'),('34668', '14115'),('34668', '14120'),('34668', '14122'),
('34668', '14153'),('34668', '24520'),('34668', '25473'),('34673', '14007'),('34689', '14008'),
('34692', '14009'),('34693', '14010'),('34693', '14123'),('34695', '14011'),('34696', '14012'),
('34697', '14013'),('34872', '14069'),('34872', '14075'),('34872', '14124'),('34872', '14138'),
('34874', '14071'),('34874', '14121'),('34874', '28349'),('35053', '14109'),('35054', '14110'),
('35120', '26711'),('35120', '26712'),('35222', '14116'),('35222', '14126'),('35650', '14001'),
('35650', '14014'),('35650', '14031'),('35650', '14233'),('35650', '14474'),('35758', '14019'),
('35769', '14021'),('35769', '14248'),('35786', '14473'),('35875', '14234'),('35875', '14303'),
('35893', '14235'),('35893', '14236'),('35917', '14237'),('35917', '14238'),('36112', '14240'),
('36127', '14241'),('36145', '14242'),('36161', '14326'),('36188', '14243'),('36425', '14445'),
('36470', '14244'),('36471', '14245'),('36471', '24945'),('36608', '14239'),('37106', '24488'),
('37106', '24502'),('37106', '24567'),('37106', '28414'),('37602', '14125'),('38120', '24671'),
('38120', '24744'),('38120', '24817'),('38120', '24952'),('38120', '24954'),('38120', '25214'),
('38120', '27139'),('38122', '24741'),('38124', '24816'),('38124', '24946'),('38124', '25109'),
('38124', '25110'),('38124', '25184'),('38124', '25200'),('38124', '25207'),('38381', '24859'),
('38387', '24897'),('38387', '24901'),('38387', '24937'),('38387', '25058'),('38387', '25066'),
('38387', '25213'),('38387', '25243'),('38387', '25244'),('38387', '25251'),('38432', '24856'),
('38432', '24858'),('38432', '24864'),('38432', '24868'),('38441', '25203'),('38517', '25100'),
('38647', '24924'),('38647', '24925'),('38647', '24929'),('38647', '25202'),('38738', '24940'),
('38738', '24942'),('38738', '25201'),('38928', '24958'),('38935', '25023'),('38935', '25024'),
('38935', '25098'),('38935', '25265'),('39065', '25093'),('39066', '25099');


REPLACE INTO creature_questrelation VALUES
('36332', '14375'),('36451', '14395'),('36451', '14397'),('36458', '14399'),('36458', '14400'),
('36458', '14401'),('36458', '14402'),('37783', '24575'),('37783', '24676'),('37783', '24904'),
('36616', '14434'),('36743', '14467'),('36743', '24438'),('37065', '24468'),('37065', '24472'),
('37065', '24483'),('35077', '14154'),('35077', '26129'),('37876', '24677'),('38611', '24902'),
('38611', '24903'),('38611', '24904'),('34913', '14091'),('34913', '14093'),('34913', '14098'),
('34913', '14099'),('34863', '14091'),('34850', '14078'),('37874', '24592'),('37195', '24593'),
('37195', '24627'),('37195', '24646'),('37195', '24673'),('36457', '14416'),('36457', '14463'),
('36452', '14397'),('36452', '14398'),('36452', '14403'),('36452', '14406'),('36452', '14465'),
('34571', '14336'),('34571', '14367'),('35112', '14157'),('35112', '14159'),('35550', '14214'),
('35550', '14293'),('35839', '14266'),('35839', '14286'),('35872', '14277'),('35872', '14281'),
('35872', '14288'),('35906', '14294'),('36140', '14336'),('36140', '14347'),('36140', '14348'),
('36140', '14366'),('36205', '14321'),('35873', '14280'),('35873', '14283'),('35873', '14291'),
('35874', '14276'),('35874', '14290'),('35870', '14278'),('35870', '14279'),('35870', '14289'),
('35871', '14272'),('35871', '14285'),('35566', '14221'),('35566', '14222'),('35839', '14266'),
('35839', '14286'),('35627', '14222'),('35229', '14218'),('35378', '14204'),('35378', '14214'),
('35463', '14204');

REPLACE INTO creature_involvedrelation VALUES
('36332', '14375'),('35839', '14265'),('35839', '14266'),('35870', '14278'),('35870', '14279'),
('35871', '14269'),('35871', '14272'),('35872', '14277'),('35872', '14281'),('35873', '14280'),
('35873', '14283'),('35874', '14275'),('35874', '14276'),('35906', '14293'),('35911', '14294'),
('36140', '14336'),('36140', '14347'),('36140', '14348'),('36451', '14395'),('36451', '14396'),
('36452', '14397'),('36452', '14402'),('36452', '14405'),('36452', '14463'),('36458', '14398'),
('36458', '14399'),('36458', '14400'),('36458', '14401'),('36457', '14406'),('36457', '14416'),
('37783', '24575'),('37783', '24676'),('37783', '24677'),('36616', '14434'),('36743', '14466'),
('36743', '14467'),('37065', '24438'),('37065', '24468'),('37065', '24472'),('35077', '14154'),
('35077', '28850'),('37195', '24593'),('37195', '24617'),('37195', '24627'),('37195', '24646'),
('37874', '24672'),('37876', '24592'),('38611', '24902'),('38611', '24904'),('34850', '14091'),
('34863', '14078'),('34913', '14091'),('34913', '14093'),('34913', '14098'),('34571', '14321'),
('34571', '14366'),('35112', '14285'),('35112', '14286'),('35112', '14287'),('35112', '14288'),
('35112', '14289'),('35112', '14290'),('35112', '14291'),('35112', '26129'),('35369', '14159'),
('35378', '14204'),('35550', '14214'),('35566', '14221'),('35566', '14222'),('35839', '14265'),
('35839', '14266');

REPLACE INTO creature_text VALUES
('44086', '0', '0', 'What\'s going on? I thought I saw something on the rooftops.', '12', '0', '100', '0', '0', '0', ''),
('44086', '1', '0', 'My children are in Stormglen alone! I have to get to them!', '12', '0', '100', '0', '0', '0', ''),
('44086', '2', '0', 'You can\'t do this to us!', '12', '0', '100', '0', '0', '0', ''),
('44086', '3', '0', 'What... what are those things on the rooftops?', '12', '0', '100', '0', '0', '0', ''),
('34850', '0', '0', 'I want the perimeter secured and the gates manned by two guards at all times. No one gets in, no one gets out.', '12', '0', '100', '0', '0', '19615', 'SAY_PRINCE_LIAM_GREYMANE_1 - Say OOC'),
('34850', '1', '0', 'We protected Gilneas from the Scourge. We protected Gilneas during the Northgate rebellion. We will protect Gilneas from whatever this new threat may be.', '12', '0', '100', '0', '0', '19616', 'SAY_PRINCE_LIAM_GREYMANE_2 - Say OOC'),
('34850', '2', '0', 'Stand ready, guards! We don\'t know how many intruders we\'re dealing with, but the Headlands are overrun and we\'re cut off from the harbor towns. Expect to be outnumbered.', '12', '0', '100', '0', '0', '19614', 'SAY_PRINCE_LIAM_GREYMANE_3 - Say OOC'),
('34913', '0', '0', 'Stand your ground, men!', '12', '0', '100', '0', '0', '19617', 'SAY_PRINCE_LIAM_GREYMANE - Phase 2 OOC'),
('34913', '1', '0', 'Defeat these foul beasts!', '12', '0', '100', '0', '0', '19618', 'SAY_PRINCE_LIAM_GREYMANE - Phase 2 OOC'),
('34913', '2', '0', 'Protect the civilians!', '12', '0', '100', '0', '0', '19619', 'SAY_PRINCE_LIAM_GREYMANE - Phase 2 OOC'),
('34913', '3', '0', 'Push them back!', '12', '0', '100', '0', '0', '19620', 'SAY_PRINCE_LIAM_GREYMANE - Phase 2 OOC'),
('34913', '4', '0', 'Take heart, men! We must protect our city!', '12', '0', '100', '0', '0', '19621', 'SAY_PRINCE_LIAM_GREYMANE - Phase 2 OOC'),
('34864', '0', '0', 'No one\'s allowed to leave. Prince Liam\'s orders.', '12', '0', '100', '0', '0', '0', 'SAY_GILNEAS_CITY_GUARD_1 - At gate'),
('34864', '1', '0', 'Stay calm. We have everything under control.', '12', '0', '100', '0', '0', '0', 'SAY_GILNEAS_CITY_GUARD_2 - At gate'),
('34864', '2', '0', 'It isn\'t safe to leave, there\'s something lurking out there in the woods.', '12', '0', '100', '0', '0', '0', 'SAY_GILNEAS_CITY_GUARD_3 - At gate'),
('34981', '0', '0', 'Protect me, please!', '12', '0', '100', '0', '0', '0', ''),
('34981', '1', '0', 'What in the world? Let\'s get out of here!', '12', '0', '100', '0', '0', '0', ''),
('34981', '2', '0', 'Worgen! Worgen everywhere!', '12', '0', '100', '0', '0', '0', ''),
('34981', '3', '0', 'Flee! They\'re everywhere!', '12', '0', '100', '0', '0', '0', ''),
('34981', '4', '0', 'No time to Waste!', '12', '0', '100', '0', '0', '0', ''),
('34981', '5', '0', 'This place isn\'t safe. Let\'s Leave!', '12', '0', '100', '0', '0', '0', ''),
('34981', '6', '0', 'Let\'s go!', '12', '0', '100', '0', '0', '0', ''),
('34981', '7', '0', 'Thank you!', '12', '0', '100', '0', '0', '0', ''),
('35836', '0', '0', 'I don\'t want to die!', '12', '0', '100', '0', '0', '0', ''),
('35836', '1', '0', 'There\'s one after me!', '12', '0', '100', '0', '0', '0', ''),
('35836', '2', '0', 'It\'s coming right for me!', '12', '0', '100', '0', '0', '0', ''),
('35836', '3', '0', 'Help!', '12', '0', '100', '0', '0', '0', ''),
('35836', '4', '0', 'Help me, please!', '12', '0', '100', '0', '0', '0', '');

REPLACE INTO `script_texts` (`npc_entry`, `entry`, `content_default`, `content_loc1`, `content_loc2`, `content_loc3`, `content_loc4`, `content_loc5`, `content_loc6`, `content_loc7`, `content_loc8`, `sound`, `type`, `language`, `emote`, `comment`) VALUES
('50474', '-1977161', 'miss content_default', NULL, NULL, NULL, NULL, NULL, NULL, NULL, 'Не смотрите им в глаза! Они не те люди, которых вы когда-то знали!', '0', '1', '0', '0', 'gilneas'),
('35550', '-1977158', 'miss content_default', NULL, NULL, NULL, NULL, NULL, NULL, NULL, 'Огонь!', '0', '1', '0', '0', 'gilneas'),
('35550', '-1977159', 'miss content_default', NULL, NULL, NULL, NULL, NULL, NULL, NULL, 'Нужно их отбросить!', '0', '1', '0', '0', 'gilneas'),
('34864', '-1977156', 'miss content_default', NULL, NULL, NULL, NULL, NULL, NULL, NULL, 'Выход закрыт. Приказ принца Лиама!', '0', '0', '0', '0', 'gilneas'),
('34864', '-1977157', 'miss content_default', NULL, NULL, NULL, NULL, NULL, NULL, NULL, 'В лесах творится что-то странное, и выходить за пределы города небезопасно.', '0', '0', '0', '0', 'gilneas'),
('35550', '-1977160', 'miss content_default', NULL, NULL, NULL, NULL, NULL, NULL, NULL, 'Не сдавайте баррикады! Не уступайте им ни клочка земли!', '0', '1', '0', '0', 'gilneas'),
('34864', '-1977155', 'miss content_default', NULL, NULL, NULL, NULL, NULL, NULL, NULL, 'Всем сохранять спокойствие! Мы контролируем ситуацию.', '0', '0', '0', '0', 'gilneas'),
('44086', '-1977154', 'miss content_default', NULL, NULL, NULL, NULL, NULL, NULL, NULL, 'Мои дети остались в Грозовом Перевали, совсем одни! Я должна к ним вернуться!', '0', '0', '0', '0', 'gilneas'),
('50902', '-1977151', 'miss content_default', NULL, NULL, NULL, NULL, NULL, NULL, NULL, 'Гилнеас не забудет твоего мужества, Лиам.', '19497', '12', '0', '0', 'gilneas'),
('44086', '-1977152', 'miss content_default', NULL, NULL, NULL, NULL, NULL, NULL, NULL, 'Вы не можете так поступить с нами!', '0', '0', '0', '0', 'gilneas'),
('44086', '-1977153', 'miss content_default', NULL, NULL, NULL, NULL, NULL, NULL, NULL, 'Что происходит? Кажется, я видел что-то на крише.', '0', '0', '0', '0', 'gilneas'),
('50893', '-1977149', 'miss content_default', NULL, NULL, NULL, NULL, NULL, NULL, NULL, 'Мы вернемся, Лиам. Клянусь.', '19715', '12', '0', '0', 'gilneas'),
('50881', '-1977150', 'miss content_default', NULL, NULL, NULL, NULL, NULL, NULL, NULL, 'Ты был настоящим народным героем, Лиам. Не таким, как другие принцы. Они заплатят за твою смерть.', '19686', '12', '0', '0', 'gilneas'),
('50893', '-1977147', 'miss content_default', NULL, NULL, NULL, NULL, NULL, NULL, NULL, 'Свет да пребудет с духами наших предков, ибо они позволили моему сыну покоиться в этой священной земле.', '19713', '12', '0', '0', 'gilneas'),
('50893', '-1977148', 'miss content_default', NULL, NULL, NULL, NULL, NULL, NULL, NULL, 'Его место здесь, среди героев и защитников Гилнеаса.', '19714', '12', '0', '0', 'gilneas'),
('36288', '-1977145', 'miss content_default', NULL, NULL, NULL, NULL, NULL, NULL, NULL, 'А вы – хороший ворген, $Gсэр:мэм;? Может быть, вы найдете Синтию? Она прячется где-то тут!', '0', '0', '0', '0', 'gilneas'),
('36289', '-1977146', 'miss content_default', NULL, NULL, NULL, NULL, NULL, NULL, NULL, 'Не трогай меня! Я просто искал сестренку! Кажется, Эшли все еще в том доме!', '0', '0', '0', '0', 'gilneas'),
('36287', '-1977144', 'miss content_default', NULL, NULL, NULL, NULL, NULL, NULL, NULL, 'Я тебя боюсь! Где моя мама?', '0', '0', '0', '0', 'gilneas'),
('36440', '-1977143', 'miss content_default', NULL, NULL, NULL, NULL, NULL, NULL, NULL, 'Благодарю, я обязан тебе жизнью.', '0', '0', '0', '0', 'gilneas'),
('36440', '-1977142', 'miss content_default', NULL, NULL, NULL, NULL, NULL, NULL, NULL, 'Земля буквально ушла у меня из-под ног! Я уж думал, мне конец... Спасибо, друг, я твой должник.', '0', '0', '0', '0', 'gilneas'),
('36440', '-1977141', 'miss content_default', NULL, NULL, NULL, NULL, NULL, NULL, NULL, 'Я… я думал, мне конец. Спасибо.', '0', '0', '0', '0', 'gilneas'),
('38530', '-1977139', 'miss content_default', NULL, NULL, NULL, NULL, NULL, NULL, NULL, 'Это мы еще посмотрим, $N!', '0', '14', '0', '0', 'gilneas'),
('35112', '-1977140', 'miss content_default', NULL, NULL, NULL, NULL, NULL, NULL, NULL, 'Конь короля Седогрива', '0', '12', '0', '0', 'gilneas'),
('38530', '-1977138', 'miss content_default', NULL, NULL, NULL, NULL, NULL, NULL, NULL, 'У вас ничего не выйдет!', '0', '0', '0', '0', 'gilneas'),
('38537', '-1977137', 'miss content_default', NULL, NULL, NULL, NULL, NULL, NULL, NULL, 'Как пожелаете.', '20918', '12', '0', '0', 'gilneas'),
('38537', '-1977136', 'miss content_default', NULL, NULL, NULL, NULL, NULL, NULL, NULL, 'Моя госпожа, мне остановить распространение чумы? Или мы продолжаем действовать по плану?', '20917', '12', '0', '0', 'gilneas'),
('38530', '-1977135', 'miss content_default', NULL, NULL, NULL, NULL, NULL, NULL, NULL, 'Что за вопрос? Мы распространим ее, как и запланировали. Пусть люди Гилнеаса насладятся своей маленькой победой. А завтра от них не останется и костей.', '20495', '12', '0', '0', 'gilneas'),
('38530', '-1977134', 'miss content_default', NULL, NULL, NULL, NULL, NULL, NULL, NULL, 'Ступайте с честью, генерал.', '20494', '12', '0', '0', 'gilneas'),
('38530', '-1977133', 'miss content_default', NULL, NULL, NULL, NULL, NULL, NULL, NULL, 'Следите за тоном, генерал. Вам с Гаррошем не о чем беспокоиться. Мы прекратили производство чумы, как и было приказано. Мы никогда бы не стали использовать ее без разрешения.', '20493', '12', '0', '0', 'gilneas'),
('38530', '-1977132', 'miss content_default', NULL, NULL, NULL, NULL, NULL, NULL, NULL, 'Можете передать Гаррошу, что это лишь небольшая задержка. Нас ждет верная победа.', '20492', '12', '0', '0', 'gilneas'),
('38533', '-1977131', 'miss content_default', NULL, NULL, NULL, NULL, NULL, NULL, NULL, 'Тогда я доложу обо всем Вождю. С Вашего позволения, моя госпожа.', '22622', '12', '0', '0', 'gilneas'),
('38533', '-1977130', 'miss content_default', NULL, NULL, NULL, NULL, NULL, NULL, NULL, 'Вы говорите очень убедительно, Ваше Величество. Надеюсь, что вы не собираетесь использовать чуму. Гаррош это категорически запретил.', '22621', '12', '0', '0', 'gilneas'),
('38533', '-1977129', 'miss content_default', NULL, NULL, NULL, NULL, NULL, NULL, NULL, 'Гаррош опасается за ситуацию в Гилнеасе. Вы уверены в своих силах, Сильвана?', '22620', '12', '0', '0', 'gilneas'),
('38617', '-1977128', 'miss content_default', NULL, NULL, NULL, NULL, NULL, NULL, NULL, 'Убедитесь, что все приготовления завершены. Гонец орков уже ждет Сильвану в соборе.', '0', '14', '0', '0', 'gilneas'),
('38507', '-1977127', 'miss content_default', NULL, NULL, NULL, NULL, NULL, NULL, NULL, 'Быстрее, прячься в воде!', '0', '12', '0', '0', 'gilneas'),
('38507', '-1977126', 'miss content_default', NULL, NULL, NULL, NULL, NULL, NULL, NULL, 'Ты это $gслышал:слышала;, $N? Сильвана направляется к собору. Быстрее, за ней!', '0', '12', '0', '0', 'gilneas'),
('38507', '-1977125', 'miss content_default', NULL, NULL, NULL, NULL, NULL, NULL, NULL, 'Постарайся, чтобы нас не заметили, $N.', '0', '12', '0', '0', 'gilneas'),
('38507', '-1977124', 'miss content_default', NULL, NULL, NULL, NULL, NULL, NULL, NULL, 'Следуйте за Тобиасом Мистмантлом в Соборный квартал.', '0', '5', '0', '0', 'gilneas'),
('38507', '-1977123', 'miss content_default', NULL, NULL, NULL, NULL, NULL, NULL, NULL, 'Идем же, все вместе! Мы выследим, где прячется Сильвана. За Гилнеас!', '0', '12', '0', '0', 'gilneas'),
('38469', '-1977122', 'miss content_default', NULL, NULL, NULL, NULL, NULL, NULL, NULL, 'Посмотрим, что бравые гилнеанцы будут делать, оставшись без предводителя!', '0', '1', '0', '0', 'gilneas'),
('38469', '-1977121', 'miss content_default', NULL, NULL, NULL, NULL, NULL, NULL, NULL, 'Хватит!', '0', '1', '0', '0', 'gilneas'),
('38470', '-1977120', 'miss content_default', NULL, NULL, NULL, NULL, NULL, NULL, NULL, 'ЛИАМ!!! НЕТ!!!', '19727', '1', '0', '0', 'gilneas'),
('38470', '-1977119', 'miss content_default', NULL, NULL, NULL, NULL, NULL, NULL, NULL, 'СИЛЬВАНА!!!', '19726', '1', '0', '0', 'gilneas'),
('38415', '-1977117', 'miss content_default', NULL, NULL, NULL, NULL, NULL, NULL, NULL, 'Давай присоединимся к твоему отцу. Ему нужна помощь.', '19500', '1', '0', '0', 'gilneas'),
('38470', '-1977118', 'miss content_default', NULL, NULL, NULL, NULL, NULL, NULL, NULL, 'Не дай им уйти, Лиам! Они как раз там, где нам нужно!', '19725', '1', '0', '0', 'gilneas'),
('38415', '-1977116', 'miss content_default', NULL, NULL, NULL, NULL, NULL, NULL, NULL, 'Он слишком силен! Стреляйте из катапульт, и он падет!', '19499', '1', '0', '0', 'gilneas'),
('38331', '-1977115', 'miss content_default', NULL, NULL, NULL, NULL, NULL, NULL, NULL, 'Гнилокров раздавит хилого воргена!', '0', '1', '0', '0', 'gilneas'),
('38426', '-1977114', 'miss content_default', NULL, NULL, NULL, NULL, NULL, NULL, NULL, 'Ни за что на свете я не пропущу эту битву! Вперед!', '19685', '0', '0', '0', 'gilneas'),
('38426', '-1977113', 'miss content_default', NULL, NULL, NULL, NULL, NULL, NULL, NULL, 'Люди благодарны за возвращение деревни Тлеющего Угля. Они дали нам кое-что, что бы помочь против Отрекщихся!', '19684', '0', '0', '0', 'gilneas'),
('38218', '-1977112', 'miss content_default', NULL, NULL, NULL, NULL, NULL, NULL, NULL, 'Мы вернули свой город... Мы вернули...', '20563', '0', '0', '0', 'gilneas'),
('38218', '-1977111', 'miss content_default', NULL, NULL, NULL, NULL, NULL, NULL, NULL, 'Отец, мы победили...', '20562', '0', '0', '0', 'gilneas'),
('38218', '-1977110', 'miss content_default', NULL, NULL, NULL, NULL, NULL, NULL, NULL, 'ОТЕЦ!!!', '19612', '1', '0', '0', 'gilneas'),
('38218', '-1977109', 'miss content_default', NULL, NULL, NULL, NULL, NULL, NULL, NULL, 'Впереди войска Краули! Поднажмем!', '19611', '1', '0', '0', 'gilneas'),
('38218', '-1977108', 'miss content_default', NULL, NULL, NULL, NULL, NULL, NULL, NULL, 'Лорна, как я рад тебя видеть! Солдаты – по пушкам! Остальные выманивают поганищ на открытое пространство!', '19610', '1', '0', '0', 'gilneas'),
('38218', '-1977107', 'miss content_default', NULL, NULL, NULL, NULL, NULL, NULL, NULL, 'Поганища перекрывают путь к Военному кварталу! Пробиться будет нелегко.', '19609', '0', '0', '0', 'gilneas'),
('38218', '-1977104', 'miss content_default', NULL, NULL, NULL, NULL, NULL, NULL, NULL, 'Атакуйте!', '0', '0', '0', '0', 'gilneas'),
('38218', '-1977105', 'miss content_default', NULL, NULL, NULL, NULL, NULL, NULL, NULL, 'Тесни их!', '0', '0', '0', '0', 'gilneas'),
('38218', '-1977106', 'miss content_default', NULL, NULL, NULL, NULL, NULL, NULL, NULL, 'За Гилнеас!', '0', '0', '0', '0', 'gilneas'),
('38218', '-1977102', 'miss content_default', NULL, NULL, NULL, NULL, NULL, NULL, NULL, 'ЗА ГИЛНЕАС!', '19651', '1', '0', '0', 'gilneas'),
('38218', '-1977103', 'miss content_default', NULL, NULL, NULL, NULL, NULL, NULL, NULL, 'Прошло ваше время, Отрекшиеся мрази!', '0', '0', '0', '0', 'gilneas'),
('38218', '-1977101', 'miss content_default', NULL, NULL, NULL, NULL, NULL, NULL, NULL, 'Но мы... НИКОГДА НЕ СДАДИМСЯ!', '19628', '1', '0', '0', 'gilneas'),
('38218', '-1977100', 'miss content_default', NULL, NULL, NULL, NULL, NULL, NULL, NULL, 'А если мы будем зажаты в угол, лишимся сил, оружия и надежды... Мы поднимем голову с презрением и плюнем им в лицо.', '19627', '1', '0', '0', 'gilneas'),
('38218', '-1977099', 'miss content_default', NULL, NULL, NULL, NULL, NULL, NULL, NULL, 'Мы будем сражаться в подворотнях, пока с наших костяшек не сойдет кожа, а рапиры не упадут на землю сломанными.', '19626', '1', '0', '0', 'gilneas'),
('38218', '-1977098', 'miss content_default', NULL, NULL, NULL, NULL, NULL, NULL, NULL, 'Мы будем сражаться на улицах до последнего патрона. А когда нам нечем будет стрелять, мы будем разбивать их черепа булыжниками с мостовой.', '19625', '1', '0', '0', 'gilneas'),
('38218', '-1977097', 'miss content_default', NULL, NULL, NULL, NULL, NULL, NULL, NULL, 'Как же они ошибаются! Мы будем стоять до конца, будем биться, пока у нас есть пушки и солдаты в окопах.', '19624', '1', '0', '0', 'gilneas'),
('38218', '-1977096', 'miss content_default', NULL, NULL, NULL, NULL, NULL, NULL, NULL, 'Отрекшиеся думают, что мы ослабли, опустили руки. Они думают, что мы убежим, поджав хвост.', '19623', '1', '0', '0', 'gilneas'),
('37694', '-1977095', 'miss content_default', NULL, NULL, NULL, NULL, NULL, NULL, NULL, 'Так это правда? Даже пораженные Проклятием готовы сразиться с Отрекшимися!', '0', '0', '0', '0', 'gilneas'),
('37694', '-1977094', 'miss content_default', NULL, NULL, NULL, NULL, NULL, NULL, NULL, 'Спасибо!', '0', '0', '0', '0', 'gilneas'),
('37694', '-1977093', 'miss content_default', NULL, NULL, NULL, NULL, NULL, NULL, NULL, 'Отрекшиеся заплатят за свои преступления!', '0', '0', '0', '0', 'gilneas'),
('37875', '-1977092', 'miss content_default', NULL, NULL, NULL, NULL, NULL, NULL, NULL, 'Я лучше умру, чем увижу одну из таких тварей на троне!', '19631', '0', '0', '0', 'gilneas'),
('37876', '-1977091', 'miss content_default', NULL, NULL, NULL, NULL, NULL, NULL, NULL, 'Все кончено, Годфри. Ни одно восточное баронство больше не поддержит тебя.', '0', '0', '0', '0', 'gilneas'),
('36294', '-1977090', 'miss content_default', NULL, NULL, NULL, NULL, NULL, NULL, NULL, 'Люди-скелеты украли знамя Корота! Люди-скелеты поплатятся!!!', '0', '14', '0', '0', 'gilneas'),
('37806', '-1977089', 'miss content_default', NULL, NULL, NULL, NULL, NULL, NULL, NULL, 'Пустозвон! Я прикажу пустить твое знамя на тряпки для мытья отхожих мест!', '0', '14', '0', '0', 'gilneas'),
('37065', '-1977088', 'miss content_default', NULL, NULL, NULL, NULL, NULL, NULL, NULL, 'Вам не пройти, проклятая нежить! Во имя боевого знамени древнего рода Седогривов я изгоняю вас с земли моих предков!', '19606', '14', '0', '0', 'gilneas'),
('37065', '-1977087', 'miss content_default', NULL, NULL, NULL, NULL, NULL, NULL, NULL, 'Ты очень вовремя, друг. Идут Отрекшиеся.', '19605', '12', '0', '0', 'gilneas'),
('36294', '-1977086', 'miss content_default', NULL, NULL, NULL, NULL, NULL, NULL, NULL, 'Ах ты жалкий воришка! Корот найдет тебя! Корот тебе морду расплющит!', '0', '1', '0', '0', 'gilneas'),
('36294', '-1977085', 'miss content_default', NULL, NULL, NULL, NULL, NULL, NULL, NULL, 'Кто посмел тронуть знамя Корота?!', '0', '1', '0', '0', 'gilneas'),
('38767', '-1977084', 'miss content_default', NULL, NULL, NULL, NULL, NULL, NULL, NULL, 'Значит, решено. Мы соберем все силы Гилнеаса и вышвырнем Отрекшихся из наших земель.', '19724', '12', '0', '0', 'gilneas'),
('38766', '-1977082', 'miss content_default', NULL, NULL, NULL, NULL, NULL, NULL, NULL, 'Не может быть!', '19637', '14', '0', '0', 'gilneas'),
('37195', '-1977083', 'miss content_default', NULL, NULL, NULL, NULL, NULL, NULL, NULL, 'Да, Генн. Нас связывает не закон, а что-то гораздо большее. Мои люди готовы отдать жизнь, сражаясь под твоими знаменами.', '19512', '12', '0', '0', 'gilneas'),
('38767', '-1977081', 'miss content_default', NULL, NULL, NULL, NULL, NULL, NULL, NULL, 'Нет, друг мой. Я пришел к тебе как к равному.', '19723', '12', '0', '0', 'gilneas'),
('37195', '-1977080', 'miss content_default', NULL, NULL, NULL, NULL, NULL, NULL, NULL, 'Эта жаба вещает от твоего имени, Генн? Ты пришел к нам, как друг? Или как узурпатор?', '19510', '14', '0', '0', 'gilneas'),
('38766', '-1977079', 'miss content_default', NULL, NULL, NULL, NULL, NULL, NULL, NULL, 'Краули! Тебе и эльфам приказано вступить в королевскую армию. Лежит ли на вас проклятие или нет, вы все еще подчиняетесь закону Гилнеаса!', '19636', '12', '0', '0', 'gilneas'),
('38768', '-1977077', 'miss content_default', NULL, NULL, NULL, NULL, NULL, NULL, NULL, 'Отец!', '19697', '14', '0', '0', 'gilneas'),
('37195', '-1977078', 'miss content_default', NULL, NULL, NULL, NULL, NULL, NULL, NULL, 'Лорна!', '19511', '14', '0', '0', 'gilneas'),
('37870', '-1977076', 'miss content_default', NULL, NULL, NULL, NULL, NULL, NULL, NULL, 'Пусть Коса разъединит то, что не должно было быть сплетено! Пусть дух возьмет верх над звериным началом, а зверь закалит душу!', '0', '12', '0', '0', 'gilneas'),
('37870', '-1977075', 'miss content_default', NULL, NULL, NULL, NULL, NULL, NULL, NULL, 'Как Дарал\'нир даровал покой проклятым друидам, нарушившим равновесие, так пусть и $N обретет покой в Тал\'дорене.', '0', '12', '0', '0', 'gilneas'),
('37870', '-1977074', 'miss content_default', NULL, NULL, NULL, NULL, NULL, NULL, NULL, 'Как дух Голдринна снизошел на наших предков-друидов, так и на |3-3($N) снизойдет мудрость воргенской расы и ярость их бога.', '0', '12', '0', '0', 'gilneas'),
('36332', '-1977073', 'miss content_default', NULL, NULL, NULL, NULL, NULL, NULL, NULL, 'Не думаю. А теперь передай мне это зелье, Креннан... И удвой дозу.', '19722', '12', '0', '0', 'gilneas'),
('36332', '-1977072', 'miss content_default', NULL, NULL, NULL, NULL, NULL, NULL, NULL, 'Скажи, Годфри. Те, кто остался в Гилнеасе, чтобы спасти наши жизни, тоже действовали по уставу?', '19721', '12', '0', '0', 'gilneas'),
('36330', '-1977071', 'miss content_default', NULL, NULL, NULL, NULL, NULL, NULL, NULL, 'Тут не на что надеяться, Креннан. Эту жертву придется уничтожить. Таков устав.', '19635', '12', '0', '0', 'gilneas'),
('36331', '-1977070', 'miss content_default', NULL, NULL, NULL, NULL, NULL, NULL, NULL, 'Я не отчаиваюсь, $N. Я еще не нашел лекарства от проклятия... Но кое-что способно облегчить муки. Ты сможешь управлять собой.', '20919', '12', '0', '0', 'gilneas'),
('35369', '-1977069', 'miss content_default', NULL, NULL, NULL, NULL, NULL, NULL, NULL, 'Вас укусил ворген. Рана пустяковая, только щиплет немного.$B$B|TInterfaceIconsINV_Misc_monsterfang_02.blp:32|t', '0', '5', '0', '0', 'gilneas'),
('35369', '-1977068', 'What\'s wrong with me??!', NULL, NULL, NULL, NULL, NULL, NULL, NULL, 'Что происходит со мной?!', '0', '14', '0', '0', 'gilneas'),
('35369', '-1977067', 'The pain is unbearable!', NULL, NULL, NULL, NULL, NULL, NULL, NULL, 'Боль невыносима!', '0', '14', '0', '0', 'gilneas'),
('35369', '-1977066', 'My hands... don\'t look at my hands!!', NULL, NULL, NULL, NULL, NULL, NULL, NULL, 'А руки... не смотри, не смотри на мои руки!!!', '0', '14', '0', '0', 'gilneas'),
('35369', '-1977065', 'My face! What\'s wrong with my face!', NULL, NULL, NULL, NULL, NULL, NULL, NULL, 'Мое лицо! Что с моим лицом?!', '0', '14', '0', '0', 'gilneas'),
('35369', '-1977064', 'Make it stop!', NULL, NULL, NULL, NULL, NULL, NULL, NULL, 'Остановите это!', '0', '14', '0', '0', 'gilneas'),
('38029', '-1977062', 'miss content_default', NULL, NULL, NULL, NULL, NULL, NULL, NULL, 'Уходим! Скрываемся в лесу!', '0', '1', '0', '0', 'gilneas'),
('35369', '-1977063', 'I can\'t fight it!', NULL, NULL, NULL, NULL, NULL, NULL, NULL, 'Я не могу сопротивляться!', '0', '14', '0', '0', 'gilneas'),
('38029', '-1977061', 'miss content_default', NULL, NULL, NULL, NULL, NULL, NULL, NULL, 'Займите их, братья мои! Пусть $N заберет Косу!', '0', '1', '0', '0', 'gilneas'),
('38051', '-1977060', 'miss content_default', NULL, NULL, NULL, NULL, NULL, NULL, NULL, 'Будет сделано!', '0', '12', '0', '0', 'gilneas'),
('37195', '-1977059', 'miss content_default', NULL, NULL, NULL, NULL, NULL, NULL, NULL, 'Немедленно выводи наших людей на позиции, Тобиас. Нельзя допустить, чтобы Коса попала в руки Отрекшихся!', '0', '12', '0', '0', 'gilneas'),
('38051', '-1977058', 'miss content_default', NULL, NULL, NULL, NULL, NULL, NULL, NULL, 'Дарий! Темные следопыты завладели Косой, а мы не смогли их остановить!', '0', '12', '0', '0', 'gilneas'),
('37953', '-1977057', 'miss content_default', NULL, NULL, NULL, NULL, NULL, NULL, NULL, 'Как?.. Впрочем, неважно – мне не нужны ловушки, чтобы разделаться с тобой.', '0', '0', '0', '0', 'gilneas'),
('37953', '-1977055', 'miss content_default', NULL, NULL, NULL, NULL, NULL, NULL, NULL, 'Легкая добыча... Сильвана будет в восторге!', '0', '0', '0', '0', 'gilneas'),
('37953', '-1977056', 'miss content_default', NULL, NULL, NULL, NULL, NULL, NULL, NULL, 'Воспользуйтесь талисманом Белрисы и убегите прежде, чем темный разведчик вас подстрелит.$B$B|TInterfaceIconsinv_jewelry_talisman_10.blp:64|t', '0', '5', '0', '0', 'gilneas'),
('37067', '-1977054', 'You got here just in time. Thanks!', NULL, NULL, NULL, NULL, NULL, NULL, NULL, 'Ты появился здесь как раз вовремя. Спасибо!', '0', '0', '0', '0', 'gilneas'),
('37067', '-1977052', 'Let\'s get out of this marsh!', NULL, NULL, NULL, NULL, NULL, NULL, NULL, 'Давай выбраться из этого болота!', '0', '0', '0', '0', 'gilneas'),
('37067', '-1977053', 'Time to run!', NULL, NULL, NULL, NULL, NULL, NULL, NULL, 'Пора бежать!', '0', '0', '0', '0', 'gilneas'),
('51409', '-1977050', 'miss content_default', NULL, NULL, NULL, NULL, NULL, NULL, NULL, 'Дилижанс!', '0', '14', '0', '0', 'gilneas'),
('37067', '-1977051', 'I wasn\'t ready to die in a marsh. Thanks again!', NULL, NULL, NULL, NULL, NULL, NULL, NULL, 'Я не готов умереть в болоте. Еще раз спасибо!', '0', '0', '0', '0', 'gilneas'),
('36458', '-1977049', 'miss content_default', NULL, NULL, NULL, NULL, NULL, NULL, NULL, 'Держи лапы подальше от моего котенка, грязный монстр!', '0', '1', '0', '0', 'gilneas'),
('36231', '-1977047', 'miss content_default', NULL, NULL, NULL, NULL, NULL, NULL, NULL, 'Назад! Я тебе врежу!', '20913', '0', '0', '0', 'gilneas'),
('36461', '-1977048', 'miss content_default', NULL, NULL, NULL, NULL, NULL, NULL, NULL, 'Этот кот мой! Из него выйдет отличная приманка. А ты, глупец, готовься к смерти!', '0', '0', '0', '0', 'gilneas'),
('36231', '-1977045', 'miss content_default', NULL, NULL, NULL, NULL, NULL, NULL, NULL, 'Ой-ой, это будет больно.', '20911', '0', '0', '0', 'gilneas'),
('36231', '-1977046', 'miss content_default', NULL, NULL, NULL, NULL, NULL, NULL, NULL, 'Ой, у меня плохое предчувствие.', '20912', '0', '0', '0', 'gilneas'),
('36231', '-1977044', 'miss content_default', NULL, NULL, NULL, NULL, NULL, NULL, NULL, 'Мне это не нравится…', '20910', '0', '0', '0', 'gilneas'),
('36231', '-1977043', 'miss content_default', NULL, NULL, NULL, NULL, NULL, NULL, NULL, 'Бочка пахнет порохом.', '20909', '0', '0', '0', 'gilneas'),
('36231', '-1977042', 'miss content_default', NULL, NULL, NULL, NULL, NULL, NULL, NULL, 'Ничего не вижу.', '20908', '0', '0', '0', 'gilneas'),
('36207', '-1977041', 'miss content_default', NULL, NULL, NULL, NULL, NULL, NULL, NULL, 'Скоро Гилнеас будет принадлежать Отрекшимся!', '0', '12', '0', '0', 'gilneas'),
('35230', '-1977040', 'miss content_default', NULL, NULL, NULL, NULL, NULL, NULL, NULL, 'Вам нас не взять, паршивые зверюги!', '19505', '14', '0', '0', 'gilneas'),
('35230', '-1977039', 'miss content_default', NULL, NULL, NULL, NULL, NULL, NULL, NULL, 'Сюда, псы блохастые!', '19504', '14', '0', '0', 'gilneas'),
('35230', '-1977038', 'miss content_default', NULL, NULL, NULL, NULL, NULL, NULL, NULL, 'Попробуйте поймайте нас, негодные твари!', '19503', '14', '0', '0', 'gilneas'),
('35230', '-1977037', 'miss content_default', NULL, NULL, NULL, NULL, NULL, NULL, NULL, 'Соберем их, сколько сможем. Чем больше воргенов преследует нас, тем меньше бежит за переселенцами!', '19506', '12', '0', '0', 'gilneas'),
('35911', '-1977036', 'miss content_default', NULL, NULL, NULL, NULL, NULL, NULL, NULL, 'Глупо было ополчатся друг против друга. Будь мы заодно, у воргенов не осталось бы шансов.', '19720', '12', '0', '0', 'gilneas'),
('35552', '-1977035', 'miss content_default', NULL, NULL, NULL, NULL, NULL, NULL, NULL, 'Я со своими людьми спрячусь в соборе света. Я отдал приказ - пушки уже в пути. Веди народ, Генн!', '19509', '12', '0', '0', 'gilneas'),
('35552', '-1977034', 'miss content_default', NULL, NULL, NULL, NULL, NULL, NULL, NULL, 'Ни в коем случае, малыш. Король должен сейчас думать только о Гилнеасе, а не ломать голову жив ли его сын или уже убит.', '19508', '12', '0', '0', 'gilneas'),
('35551', '-1977033', 'miss content_default', NULL, NULL, NULL, NULL, NULL, NULL, NULL, 'Я останусь с Королевской стражей, отец. Этой мой долг.', '19622', '12', '0', '0', 'gilneas'),
('35552', '-1977032', 'miss content_default', NULL, NULL, NULL, NULL, NULL, NULL, NULL, 'Надо задержать воргенов в городе, Генн. Только это позволит эвакуировать людей в Темную Гавань.', '19507', '12', '0', '0', 'gilneas'),
('35911', '-1977031', 'miss content_default', NULL, NULL, NULL, NULL, NULL, NULL, NULL, 'Если нам удастся проскользнуть в Темную Гавань, мы спасены. Восточные горы совершенно непроходимы.', '19719', '12', '0', '0', 'gilneas'),
('35112', '-1977029', 'miss content_default', NULL, NULL, NULL, NULL, NULL, NULL, NULL, 'Аранас с нами! Открыть огонь!', '0', '14', '0', '0', 'gilneas'),
('35378', '-1977030', 'miss content_default', NULL, NULL, NULL, NULL, NULL, NULL, NULL, 'Этот мастиф поможет тебе найти спрятавшихся воргенов.', '19696', '12', '0', '0', 'gilneas'),
('35112', '-1977028', 'miss content_default', NULL, NULL, NULL, NULL, NULL, NULL, NULL, 'Спасибо! Я обязан тебе жизнью', '0', '12', '0', '0', 'gilneas'),
('35112', '-1977027', 'miss content_default', NULL, NULL, NULL, NULL, NULL, NULL, NULL, 'Помогите! Сюда!', '0', '14', '0', '0', 'gilneas'),
('35115', '-1977026', 'miss content_default', NULL, NULL, NULL, NULL, NULL, NULL, NULL, 'Спасите Креннана Аранаса с помощью вашего транспортного средства.$B|TInterfaceIconsinv_misc_groupneedmore.blp:64|t', '0', '5', '0', '0', 'gilneas'),
('35112', '-1977025', 'miss content_default', NULL, NULL, NULL, NULL, NULL, NULL, NULL, 'Довольно! Я принял решение. Краули нужен нам.', '0', '12', '0', '0', 'gilneas'),
('34913', '-1977023', 'miss content_default', NULL, NULL, NULL, NULL, NULL, NULL, NULL, 'Защитите горожан!', '0', '1', '0', '0', 'gilneas'),
('35115', '-1977024', 'miss content_default', NULL, NULL, NULL, NULL, NULL, NULL, NULL, 'Надо было бросить Краули в тюрьме, вместе с этими зверюгами!', '0', '12', '0', '0', 'gilneas'),
('34913', '-1977020', 'miss content_default', NULL, NULL, NULL, NULL, NULL, NULL, NULL, 'Не отступайте ни на шаг!', '0', '1', '0', '0', 'gilneas'),
('34913', '-1977021', 'miss content_default', NULL, NULL, NULL, NULL, NULL, NULL, NULL, 'Разгромите этих тварей!', '0', '1', '0', '0', 'gilneas'),
('34913', '-1977022', 'miss content_default', NULL, NULL, NULL, NULL, NULL, NULL, NULL, 'Мужайтесь, люди! Мы должны защитить свой город!', '0', '1', '0', '0', 'gilneas'),
('35836', '-1977015', 'miss content_default', NULL, NULL, NULL, NULL, NULL, NULL, NULL, 'Помоги!', '0', '0', '0', '0', 'gilneas'),
('35836', '-1977016', 'miss content_default', NULL, NULL, NULL, NULL, NULL, NULL, NULL, 'Помоги мне, пожалуйста!', '0', '0', '0', '0', 'gilneas'),
('35836', '-1977017', 'miss content_default', NULL, NULL, NULL, NULL, NULL, NULL, NULL, 'Пожалуйста, защити меня!', '0', '0', '0', '0', 'gilneas'),
('35836', '-1977018', 'miss content_default', NULL, NULL, NULL, NULL, NULL, NULL, NULL, 'Один из них идет прямо за мной!', '0', '0', '0', '0', 'gilneas'),
('34913', '-1977019', 'miss content_default', NULL, NULL, NULL, NULL, NULL, NULL, NULL, 'Отбросьте их!', '0', '1', '0', '0', 'gilneas'),
('34981', '-1977010', 'miss content_default', NULL, NULL, NULL, NULL, NULL, NULL, NULL, 'Пойдем!', '0', '0', '0', '0', 'gilneas'),
('34981', '-1977011', 'miss content_default', NULL, NULL, NULL, NULL, NULL, NULL, NULL, 'Спасибо!', '0', '0', '0', '0', 'gilneas'),
('35836', '-1977012', 'miss content_default', NULL, NULL, NULL, NULL, NULL, NULL, NULL, 'Я не хочу умирать!', '0', '0', '0', '0', 'gilneas'),
('35836', '-1977013', 'miss content_default', NULL, NULL, NULL, NULL, NULL, NULL, NULL, 'Он идет прямо за мной!', '0', '0', '0', '0', 'gilneas'),
('35836', '-1977014', 'miss content_default', NULL, NULL, NULL, NULL, NULL, NULL, NULL, 'За мной гонятся!', '0', '0', '0', '0', 'gilneas'),
('34981', '-1977007', 'miss content_default', NULL, NULL, NULL, NULL, NULL, NULL, NULL, 'Что происходит? Надо убираться отсюда!', '0', '0', '0', '0', 'gilneas'),
('34981', '-1977008', 'miss content_default', NULL, NULL, NULL, NULL, NULL, NULL, NULL, 'Пожалуйста, не дай им меня схватить!', '0', '0', '0', '0', 'gilneas'),
('34981', '-1977009', 'miss content_default', NULL, NULL, NULL, NULL, NULL, NULL, NULL, 'Воргены! Тут повсюду воргены!', '0', '0', '0', '0', 'gilneas'),
('34851', '-1977003', 'miss content_default', NULL, NULL, NULL, NULL, NULL, NULL, NULL, 'Что... что это за существа на крышах?', '0', '12', '0', '0', 'gilneas'),
('34981', '-1977004', 'miss content_default', NULL, NULL, NULL, NULL, NULL, NULL, NULL, 'Нельзя тратить ни минуты!', '0', '0', '0', '0', 'gilneas'),
('34981', '-1977005', 'miss content_default', NULL, NULL, NULL, NULL, NULL, NULL, NULL, 'Здесь небезопасно. Надо уходить!', '0', '0', '0', '0', 'gilneas'),
('34981', '-1977006', 'miss content_default', NULL, NULL, NULL, NULL, NULL, NULL, NULL, 'Бежим! Они повсюду!', '0', '0', '0', '0', 'gilneas'),
('34850', '-1977002', 'miss content_default', NULL, NULL, NULL, NULL, NULL, NULL, NULL, 'Надо охранять периметр и все время держать двух стражников на воротах. Никого не впускать и не выпускать!', '19615', '0', '0', '0', 'gilneas'),
('34850', '-1977000', 'miss content_default', NULL, NULL, NULL, NULL, NULL, NULL, NULL, 'Мы защищали Гилнеас от Плети и во время восстания у Северных Врат. Мы защитим его от любой новой опасности, которая будет ему угрожать.', '19616', '0', '0', '0', 'gilneas'),
('34850', '-1977001', 'miss content_default', NULL, NULL, NULL, NULL, NULL, NULL, NULL, 'Стража, приготовиться! Мы не знаем, сколько будет нападающих, но Каменистый мыс уже занят врагом, и мы отрезаны от прибрежных городов. Противник превосходит нас числом!', '19614', '0', '0', '0', 'gilneas'),
('34872', '-1987002', '', NULL, NULL, NULL, NULL, NULL, NULL, NULL, 'Ай!', '18495', '14', '0', '0', 'kezan'),
('34872', '-1987001', '', NULL, NULL, NULL, NULL, NULL, NULL, NULL, 'Так приятно получить подарок из рук второй по важности шишки. Ну-ка, посмотрим, что там!', '0', '12', '0', '432', 'kezan'),
('34668', '-1987000', '', NULL, NULL, NULL, NULL, NULL, NULL, NULL, 'Ха-ха! Вот здорово!', '0', '12', '0', '11', 'kezan'),
('34830', '-1987009', '', NULL, NULL, NULL, NULL, NULL, NULL, NULL, 'Иду я, иду!', '12007', '0', '0', '5', 'kezan'),
('34830', '-1987008', '', NULL, NULL, NULL, NULL, NULL, NULL, NULL, 'Я доложу про тебя в отдел кадров!', '12007', '0', '0', '5', 'kezan'),
('34830', '-1987007', '', NULL, NULL, NULL, NULL, NULL, NULL, NULL, 'Что я делаю не так? Разве мне не положен обед и два перерыва в день?', '12007', '0', '0', '5', 'kezan'),
('34830', '-1987006', '', NULL, NULL, NULL, NULL, NULL, NULL, NULL, 'Не делай мне больно, чувак!', '12007', '0', '0', '5', 'kezan'),
('34830', '-1987005', '', NULL, NULL, NULL, NULL, NULL, NULL, NULL, 'Ой! Больно!', '12007', '0', '0', '5', 'kezan'),
('34830', '-1987004', '', NULL, NULL, NULL, NULL, NULL, NULL, NULL, 'Ой! Перерыв закончился!', '12007', '0', '0', '5', 'kezan'),
('34872', '-1987012', '', NULL, NULL, NULL, NULL, NULL, NULL, NULL, 'Босс, передайте Хамми, что я достану для нее \"Каджа-Колы\", как только наладится производство.', '0', '12', '0', '0', 'kezan'),
('34668', '-1987013', '', NULL, NULL, NULL, NULL, NULL, NULL, NULL, 'Потом он принесет еще? Как же мы сделаем тебя $gторговым принцем:торговой принцессой;, если наш главный товар не поступил в продажу?!!', '0', '12', '0', '274', 'kezan'),
('34668', '-1987053', '', NULL, NULL, NULL, NULL, NULL, NULL, NULL, 'Ай!', '0', '12', '0', '0', 'kezan'),
('34668', '-1987054', '', NULL, NULL, NULL, NULL, NULL, NULL, NULL, 'Научись водить, маньяк!', '0', '12', '0', '0', 'kezan'),
('34668', '-1987055', '', NULL, NULL, NULL, NULL, NULL, NULL, NULL, 'С тобой свяжется мой адвокат!', '0', '12', '0', '0', 'kezan'),
('34668', '-1987052', '', NULL, NULL, NULL, NULL, NULL, NULL, NULL, 'О, моя шея! Я подам на тебя в суд!', '0', '12', '0', '0', 'kezan'),
('34840', '-1987051', '', NULL, NULL, NULL, NULL, NULL, NULL, NULL, 'Быстрее уезжай отсюда!', '0', '14', '0', '430', 'kezan'),
('34840', '-1987050', '', NULL, NULL, NULL, NULL, NULL, NULL, NULL, 'Что это?! Что происходит?!', '0', '14', '0', '430', 'kezan'),
('34840', '-1987049', '', NULL, NULL, NULL, NULL, NULL, NULL, NULL, 'Он собирается выстрелить в нас!!!', '0', '14', '0', '430', 'kezan'),
('34840', '-1987048', '', NULL, NULL, NULL, NULL, NULL, NULL, NULL, 'Ааа-аа-аа! По нам стреляют!', '0', '14', '0', '430', 'kezan'),
('34840', '-1987046', '', NULL, NULL, NULL, NULL, NULL, NULL, NULL, 'Эй! Что это еще такое?!', '0', '14', '0', '430', 'kezan'),
('34840', '-1987047', '', NULL, NULL, NULL, NULL, NULL, NULL, NULL, 'Газуй!!! У него ракетница!!!', '0', '14', '0', '430', 'kezan'),
('34840', '-1987045', '', NULL, NULL, NULL, NULL, NULL, NULL, NULL, 'Прямо как птица летит!!!', '0', '12', '0', '11', 'kezan'),
('34840', '-1987044', '', NULL, NULL, NULL, NULL, NULL, NULL, NULL, 'Сейчас лопну от смеха!', '0', '12', '0', '11', 'kezan'),
('34840', '-1987043', '', NULL, NULL, NULL, NULL, NULL, NULL, NULL, 'Просто умора!', '0', '12', '0', '11', 'kezan'),
('34840', '-1987042', '', NULL, NULL, NULL, NULL, NULL, NULL, NULL, 'Как же весело! Переедь еще кого-нибудь!', '0', '12', '0', '11', 'kezan'),
('34840', '-1987041', '', NULL, NULL, NULL, NULL, NULL, NULL, NULL, 'Смотри не поцарапай краску!', '0', '14', '0', '11', 'kezan'),
('34840', '-1987039', '', NULL, NULL, NULL, NULL, NULL, NULL, NULL, 'Давай, догони нас!', '0', '14', '0', '11', 'kezan'),
('34840', '-1987040', '', NULL, NULL, NULL, NULL, NULL, NULL, NULL, 'Болваны! Получайте!', '0', '14', '0', '11', 'kezan'),
('34840', '-1987038', '', NULL, NULL, NULL, NULL, NULL, NULL, NULL, 'Ой немогу! Летающие гоблины!', '0', '12', '0', '11', 'kezan'),
('34840', '-1987037', '', NULL, NULL, NULL, NULL, NULL, NULL, NULL, 'Как отлетел!', '0', '12', '0', '11', 'kezan'),
('34840', '-1987036', '', NULL, NULL, NULL, NULL, NULL, NULL, NULL, 'Ахахаха! Смотри как бегут!', '0', '12', '0', '11', 'kezan'),
('34840', '-1987035', '', NULL, NULL, NULL, NULL, NULL, NULL, NULL, 'Дави их! Дави!', '0', '14', '0', '11', 'kezan'),
('0', '-1987034', '', NULL, NULL, NULL, NULL, NULL, NULL, NULL, 'Что будет если переехать гоблина?! Сейчас увидим!!!', '0', '14', '0', '0', 'kezan'),
('0', '-1987033', '', NULL, NULL, NULL, NULL, NULL, NULL, NULL, 'Кому давленых гоблинов?! Налетай!!!', '0', '14', '0', '0', 'kezan'),
('0', '-1987032', '', NULL, NULL, NULL, NULL, NULL, NULL, NULL, 'Я вижу кто-то решил помереть?!', '0', '14', '0', '0', 'kezan'),
('0', '-1987031', '', NULL, NULL, NULL, NULL, NULL, NULL, NULL, 'Перееду тебе ноги!', '0', '14', '0', '0', 'kezan'),
('0', '-1987030', '', NULL, NULL, NULL, NULL, NULL, NULL, NULL, 'Пробил час твоей смерти!', '0', '14', '0', '0', 'kezan'),
('0', '-1987029', '', NULL, NULL, NULL, NULL, NULL, NULL, NULL, 'Настал час наездов!', '0', '14', '0', '0', 'kezan'),
('0', '-1987028', '', NULL, NULL, NULL, NULL, NULL, NULL, NULL, 'Эй ты! Давай прыгай под колеса!', '0', '14', '0', '0', 'kezan'),
('0', '-1987027', '', NULL, NULL, NULL, NULL, NULL, NULL, NULL, 'Делаю давленых гоблинов! Дёшево!', '0', '14', '0', '0', 'kezan'),
('0', '-1987026', '', NULL, NULL, NULL, NULL, NULL, NULL, NULL, 'Ты слепой?! Мой хотрод быстро вылечит твою слепоту!', '0', '14', '0', '0', 'kezan'),
('0', '-1987025', '', NULL, NULL, NULL, NULL, NULL, NULL, NULL, 'Освободи дорогу!', '0', '14', '0', '0', 'kezan'),
('0', '-1987024', '', NULL, NULL, NULL, NULL, NULL, NULL, NULL, 'Беги, Лола! Беги!', '0', '14', '0', '0', 'kezan'),
('0', '-1987023', '', NULL, NULL, NULL, NULL, NULL, NULL, NULL, 'Сейчас задавлю!', '0', '14', '0', '0', 'kezan'),
('0', '-1987022', '', NULL, NULL, NULL, NULL, NULL, NULL, NULL, 'Эй!!! Тебе жить надоело?!', '0', '14', '0', '0', 'kezan'),
('0', '-1987021', '', NULL, NULL, NULL, NULL, NULL, NULL, NULL, 'Пошли вон с дороги!', '0', '14', '0', '0', 'kezan'),
('0', '-1987020', '', NULL, NULL, NULL, NULL, NULL, NULL, NULL, 'Прочь с пути, болваны!', '0', '14', '0', '0', 'kezan'),
('0', '-1987019', '', NULL, NULL, NULL, NULL, NULL, NULL, NULL, 'Освободить путь!', '0', '14', '0', '0', 'kezan'),
('0', '-1987018', '', NULL, NULL, NULL, NULL, NULL, NULL, NULL, 'А ну пошли прочь!', '0', '14', '0', '0', 'kezan'),
('0', '-1987016', '', NULL, NULL, NULL, NULL, NULL, NULL, NULL, 'Не стой у меня на пути!', '0', '14', '0', '0', 'kezan'),
('0', '-1987017', '', NULL, NULL, NULL, NULL, NULL, NULL, NULL, 'Задавлю!!!', '0', '14', '0', '0', 'kezan'),
('0', '-1987015', '', NULL, NULL, NULL, NULL, NULL, NULL, NULL, 'Прочь с дороги!', '0', '14', '0', '0', 'kezan'),
('34874', '-1987014', '', NULL, NULL, NULL, NULL, NULL, NULL, NULL, 'Используйте ключи к хотроду|TInterfaceIconsinv_misc_key_12.blp:32|t, чтобы сесть в автомобиль. Заедьте за своими друзьями: Иззи, Тузом и Гоббером.', '0', '5', '0', '0', 'kezan'),
('34874', '-1987071', '', NULL, NULL, NULL, NULL, NULL, NULL, NULL, 'О-о, босс, я думаю, вам это понравится!', '0', '12', '0', '0', 'kezan'),
('34874', '-1987072', '', NULL, NULL, NULL, NULL, NULL, NULL, NULL, 'А вот и они! Вы втроем помогите $gему:ей; подготовить все к вечеринке. $gЕму:ей; предстоит много работы.', '0', '12', '0', '0', 'kezan'),
('37106', '-1987073', '', NULL, NULL, NULL, NULL, NULL, NULL, NULL, 'Поторопись, детка. Скоро ты займешься делом, но вначале надо собрать детали для крошшера!', '0', '12', '0', '0', 'kezan'),
('37179', '-1987075', '', NULL, NULL, NULL, NULL, NULL, NULL, NULL, 'Бросай футбомбные мячи в \"Акул\"!', '0', '5', '0', '0', 'kezan'),
('37106', '-1987074', '', NULL, NULL, NULL, NULL, NULL, NULL, NULL, 'Залезай в крошшер и побеждай. Картель Трюмных Вод рассчитывает на тебя!', '0', '12', '0', '29267', 'kezan'),
('34959', '-1987081', '', NULL, NULL, NULL, NULL, NULL, NULL, NULL, '$N, почему дрожит земля?!', '0', '12', '0', '6', 'kezan'),
('34959', '-1987082', '', NULL, NULL, NULL, NULL, NULL, NULL, NULL, 'Классно сработано, детка. Однозначно! Жаль, что дурацкий дракон испортил всю программу. Ну, да ладно. Мы тобой гордимся! Дуй назд в штаб-квартиру.', '0', '12', '0', '21', 'kezan'),
('34957', '-1987080', '', NULL, NULL, NULL, NULL, NULL, NULL, NULL, 'Что это было, парни?', '0', '12', '0', '6', 'kezan'),
('37106', '-1987079', '', NULL, NULL, NULL, NULL, NULL, NULL, NULL, 'Что этот дракон сделал с горой Каджаро?!!', '0', '5', '0', '0', 'kezan'),
('37106', '-1987078', '', NULL, NULL, NULL, NULL, NULL, NULL, NULL, 'Ах ты ж здоровый, пережареный цыпленок гриль! Ну уж нет! Только не на моем поле! Сейчас ты у меня получишь!', '0', '14', '0', '15', 'kezan'),
('37213', '-1987076', '', NULL, NULL, NULL, NULL, NULL, NULL, NULL, 'Ударь по футбомбному мячу так, чтобы он пролетел между дымоходами и попал в ворота противника!', '0', '5', '0', '0', 'kezan'),
('48572', '-1987077', '', NULL, NULL, NULL, NULL, NULL, NULL, NULL, 'Солнце уже закатилось над этим миром! Пришло время сумерек!', '23228', '14', '0', '0', 'kezan'),
('34957', '-1987093', '', NULL, NULL, NULL, NULL, NULL, NULL, NULL, 'Ногами! Бейте его ногами!', '0', '14', '0', '0', 'kezan'),
('34957', '-1987091', '', NULL, NULL, NULL, NULL, NULL, NULL, NULL, 'Бей его!', '0', '14', '0', '0', 'kezan'),
('34957', '-1987092', '', NULL, NULL, NULL, NULL, NULL, NULL, NULL, 'Бей гада!', '0', '14', '0', '0', 'kezan'),
('34668', '-1987090', '', NULL, NULL, NULL, NULL, NULL, NULL, NULL, 'Туз, Иззи, Гоббер – идите и помогите $gему:ей; разобраться с этими мерзавцами!', '0', '12', '0', '1', 'kezan'),
('34878', '-1987089', '', NULL, NULL, NULL, NULL, NULL, NULL, NULL, 'Не по лицу, только не ногами по лицу!', '0', '12', '0', '16', 'kezan'),
('34878', '-1987088', '', NULL, NULL, NULL, NULL, NULL, NULL, NULL, 'Я тут стараюсь делать бизнес!', '0', '12', '0', '0', 'kezan'),
('34877', '-1987087', '', NULL, NULL, NULL, NULL, NULL, NULL, NULL, '%s рычит и сдается, признав поражение.', '0', '16', '0', '16', 'kezan'),
('34876', '-1987086', '', NULL, NULL, NULL, NULL, NULL, NULL, NULL, 'Что? Ладно, ладно... Я буду платить твоим громилам за защиту!', '0', '12', '0', '16', 'kezan'),
('34876', '-1987085', '', NULL, NULL, NULL, NULL, NULL, NULL, NULL, 'О, нет! Не может быть!', '0', '12', '0', '0', 'kezan'),
('34835', '-1987084', '', NULL, NULL, NULL, NULL, NULL, NULL, NULL, 'Проклятье! Уловка не сработала!', '0', '12', '0', '16', 'kezan'),
('34835', '-1987083', '', NULL, NULL, NULL, NULL, NULL, NULL, NULL, 'Я как раз хотел повидаться с тобой. Не веришь?', '0', '12', '0', '0', 'kezan'),
('35120', '-1987100', '', NULL, NULL, NULL, NULL, NULL, NULL, NULL, 'Следующий!', '0', '0', '0', '5', 'kezan'),
('35120', '-1987101', '', NULL, NULL, NULL, NULL, NULL, NULL, NULL, 'Эй, тихо! Не видите, здесь $gсам:сама; $N! $gОн:Она; станет $gследующим торговым принцем:следующей торговой принцессой;!', '0', '12', '0', '5', 'kezan'),
('35053', '-1987099', '', NULL, NULL, NULL, NULL, NULL, NULL, NULL, 'Обязательно сними со счета побольше бабла. Эта вечеринка очень важна для меня, так что постарайся на этот раз купить красивую одежду!', '0', '12', '0', '25', 'kezan'),
('35054', '-1987098', '', NULL, NULL, NULL, NULL, NULL, NULL, NULL, 'Вытяни из банка как можно больше бабок! Не хочу снова увидеть тебя в том отрепье, что ты обычно носишь. Это крайне важная вечеринка!', '0', '12', '0', '25', 'kezan'),
('35486', '-1987112', '', NULL, NULL, NULL, NULL, NULL, NULL, NULL, 'Победа! Вы получили свои личные сбережения!$B|TInterfaceIconsINV_Misc_coin_02.blp:64|t', '0', '5', '0', '0', 'kezan'),
('35486', '-1987110', '', NULL, NULL, NULL, NULL, NULL, NULL, NULL, 'Используйте |cFFFF2222невероятное гамма-излучение!|r$B|TInterfaceIconsINV_Misc_EngGizmos_20.blp:64|t', '0', '5', '0', '0', 'kezan'),
('35486', '-1987111', '', NULL, NULL, NULL, NULL, NULL, NULL, NULL, 'Используйте |cFFFF2222ухоскоп!|r$B|TInterfaceIconsINV_Misc_Ear_NightElf_02.blp:64|t', '0', '5', '0', '0', 'kezan'),
('35486', '-1987107', '', NULL, NULL, NULL, NULL, NULL, NULL, NULL, 'Используйте |cFFFF2222универсальный набор отмычек|r!$B|TInterfaceIconsINV_Misc_EngGizmos_swissArmy.blp:64|t', '0', '5', '0', '0', 'kezan'),
('35486', '-1987108', '', NULL, NULL, NULL, NULL, NULL, NULL, NULL, 'Используйте |cFFFF2222взрывхлопушки!|r$B|TInterfaceIconsINV_Misc_Bomb_07.blp:64|t', '0', '5', '0', '0', 'kezan'),
('35486', '-1987109', '', NULL, NULL, NULL, NULL, NULL, NULL, NULL, 'Используйте |cFFFF2222дрель для каджа\'мита!|r$B|TInterfaceIconsINV_Weapon_ShortBlade_21.blp:64|t', '0', '5', '0', '0', 'kezan'),
('35486', '-1987106', '', NULL, NULL, NULL, NULL, NULL, NULL, NULL, 'Удачи!', '0', '5', '0', '0', 'kezan'),
('35486', '-1987105', '', NULL, NULL, NULL, NULL, NULL, NULL, NULL, 'Хранилище будет взломано, когда |cFFFF2222полоска индикатора взлома достигнет 100 процентов!|r$B|TInterfaceIconsINV_Misc_coin_02.blp:64|t$BЕсли вы будете делать что-то не то или в неподходящий момент, это уменьшит процент взлома.', '0', '5', '0', '0', 'kezan'),
('35486', '-1987104', '', NULL, NULL, NULL, NULL, NULL, NULL, NULL, 'Возьмите то, что нужно, в вашем гоблинском все-в-одном-чудо-поясе, чтобы взломать хранилище!$B|TInterfaceIconsINV_Misc_EngGizmos_20.blp:64|t |TInterfaceIconsINV_Misc_Bomb_07.blp:64|t |TInterfaceIconsINV_Misc_Ear_NightElf_02.blp:64|t |TInterfaceIconsINV_Misc_EngGizmos_swissArmy.blp:64|t |TInterfaceIconsINV_Weapon_ShortBlade_21.blp:64|t', '0', '5', '0', '0', 'kezan'),
('35486', '-1987103', '', NULL, NULL, NULL, NULL, NULL, NULL, NULL, 'Вы собираетесь вломиться в хранилище и забрать свои личные сбережения!', '0', '5', '0', '0', 'kezan'),
('34695', '-1987134', '', NULL, NULL, NULL, NULL, NULL, NULL, NULL, 'Я мечтаю научиться сглазу. Вы двое проведете остаток своих дней в обличье лягушек!', '0', '0', '0', '0', 'kezan'),
('34695', '-1987135', '', NULL, NULL, NULL, NULL, NULL, NULL, NULL, 'Может, один из вас поторопится и прикончит другого? Cтавки уже сделаны!', '0', '0', '0', '0', 'kezan'),
('34692', '-1987131', '', NULL, NULL, NULL, NULL, NULL, NULL, NULL, 'Дополнительная стойкость никогда не повредит!', '0', '12', '0', '0', 'kezan'),
('34695', '-1987132', '', NULL, NULL, NULL, NULL, NULL, NULL, NULL, 'Клянусь тьмой и огнем, какое странное зрелище! Оседлай молнию!', '0', '0', '0', '0', 'kezan'),
('34695', '-1987133', '', NULL, NULL, NULL, NULL, NULL, NULL, NULL, 'Принимаю все ставки на то, кто из этих двоих идиотов победит.', '0', '0', '0', '0', 'kezan'),
('34692', '-1987128', '', NULL, NULL, NULL, NULL, NULL, NULL, NULL, 'Мне следовало бы взять с вас плату за это.', '0', '12', '0', '0', 'kezan'),
('34692', '-1987129', '', NULL, NULL, NULL, NULL, NULL, NULL, NULL, 'За это я с вас денег не возьму, $gгосподин:госпожа;.', '0', '12', '0', '0', 'kezan'),
('34692', '-1987130', '', NULL, NULL, NULL, NULL, NULL, NULL, NULL, 'Быть может, эта безделица защитит вашу зеленую кожу.', '0', '12', '0', '0', 'kezan'),
('34692', '-1987125', '', NULL, NULL, NULL, NULL, NULL, NULL, NULL, 'Надеюсь, вы не против дополнительной стойкости, начальник.', '0', '12', '0', '0', 'kezan'),
('34692', '-1987126', '', NULL, NULL, NULL, NULL, NULL, NULL, NULL, 'Свет не оставит вас... всего за одну серебряную монету!', '0', '12', '0', '0', 'kezan'),
('34692', '-1987127', '', NULL, NULL, NULL, NULL, NULL, NULL, NULL, 'Я просто хочу, чтобы вы знали: мы все надеемся на вас!', '0', '12', '0', '0', 'kezan'),
('34697', '-1987124', '', NULL, NULL, NULL, NULL, NULL, NULL, NULL, 'Бросьте в автомат монеты, чтобы воин-матик NX-01 научил вас способности \"Рывок\". Затем опробуйте ее на тренировочных манекенах.', '0', '12', '0', '0', 'kezan'),
('34696', '-1987123', '', NULL, NULL, NULL, NULL, NULL, NULL, NULL, 'Позволь мне научить тебя пользоваться заклинанием \"Жертвенный огонь\", а затем потренируйся на манекенах, в которые стреляет Бамм. Поджарь их!', '0', '12', '0', '0', 'kezan'),
('34695', '-1987122', '', NULL, NULL, NULL, NULL, NULL, NULL, NULL, 'Позволь мне научить тебя пользоваться способностью \"Стихийный удар\", а затем потренируйся на манекенах, в которые стреляет Бамм.', '0', '12', '0', '0', 'kezan'),
('34693', '-1987121', '', NULL, NULL, NULL, NULL, NULL, NULL, NULL, 'Все, что тебе нужно сделать – позволить мне обучить тебя \"Потрошению\". А затем тебе следует пойти к одной из мишеней, по которым стреляет Бамм, поразить ее \"Коварным ударом\", а затем прикончить с помощью \"Потрошения\".', '0', '12', '0', '0', 'kezan'),
('34692', '-1987120', '', NULL, NULL, NULL, NULL, NULL, NULL, NULL, 'Все, что тебе нужно сделать – позволить мне обучить тебя заклинанию \"Быстрое исцеление\". А затем тебе следует вылечить с его помощью вот этих раненых сотрудников. Наверное, эти скряги тебе даже не заплатят!', '0', '12', '0', '0', 'kezan'),
('34689', '-1987119', '', NULL, NULL, NULL, NULL, NULL, NULL, NULL, 'Позволь мне научить тебя пользоваться заклинанием \"Чародейские стрелы\", а затем потренируйся на манекенах, в которые стреляет Бамм: запусти в одного огненный шар, а потом уничтожь его с помощью \"Чародейских стрел\".', '0', '12', '0', '0', 'kezan'),
('34673', '-1987118', '', NULL, NULL, NULL, NULL, NULL, NULL, NULL, 'Позволь мне научить тебя пользоваться способностью \"Верный выстрел\", а затем потренируйся на манекенах справа отсюда.', '0', '12', '0', '0', 'kezan'),
('35186', '-1987160', '', NULL, NULL, NULL, NULL, NULL, NULL, NULL, 'Ого! Это гораздо лучше этого жалкого крошечного бенгальского огня!', '0', '12', '0', '0', 'kezan'),
('35186', '-1987159', '', NULL, NULL, NULL, NULL, NULL, NULL, NULL, 'Ты действительно не остановился перед такими затратами, $N! Невероятно!', '0', '12', '0', '0', 'kezan'),
('35186', '-1987158', '', NULL, NULL, NULL, NULL, NULL, NULL, NULL, 'Вкуснейшее шипучее белое вино! Где тебе удалось его достать?', '0', '12', '0', '0', 'kezan'),
('35186', '-1987156', '', NULL, NULL, NULL, NULL, NULL, NULL, NULL, 'Кажется, мне уже хватит. Я же за рулем.', '0', '12', '0', '0', 'kezan'),
('35186', '-1987157', '', NULL, NULL, NULL, NULL, NULL, NULL, NULL, 'Спасибо за выпивку, $gгосподин:госпожа;!', '0', '12', '0', '0', 'kezan'),
('35186', '-1987155', '', NULL, NULL, NULL, NULL, NULL, NULL, NULL, 'Спасибо! Я едва не отрубилась. Мне так хочется есть!', '0', '12', '0', '0', 'kezan'),
('35186', '-1987154', '', NULL, NULL, NULL, NULL, NULL, NULL, NULL, 'Пальчики оближешь!', '0', '12', '0', '0', 'kezan'),
('35186', '-1987153', '', NULL, NULL, NULL, NULL, NULL, NULL, NULL, 'Это самые вкусные блюда, которые я когда-либо пробовал. Поделись рецептами, $N!', '0', '12', '0', '0', 'kezan'),
('35186', '-1987152', '', NULL, NULL, NULL, NULL, NULL, NULL, NULL, 'Ах, было бы здесь с кем танцевать!', '0', '0', '0', '0', 'kezan'),
('35186', '-1987151', '', NULL, NULL, NULL, NULL, NULL, NULL, NULL, 'А давайте танцевать на столах!', '0', '0', '0', '0', 'kezan'),
('35186', '-1987150', '', NULL, NULL, NULL, NULL, NULL, NULL, NULL, 'Ух... Мне нужно ведро!', '0', '0', '0', '0', 'kezan'),
('35186', '-1987149', '', NULL, NULL, NULL, NULL, NULL, NULL, NULL, 'Ой, у меня голова рашкалывается.', '0', '0', '0', '0', 'kezan'),
('35186', '-1987148', '', NULL, NULL, NULL, NULL, NULL, NULL, NULL, 'Как бы круто было бы запустить фейерверк!', '0', '0', '0', '0', 'kezan'),
('35186', '-1987147', '', NULL, NULL, NULL, NULL, NULL, NULL, NULL, 'Я обожаю фейерверки!', '0', '0', '0', '0', 'kezan'),
('35186', '-1987146', '', NULL, NULL, NULL, NULL, NULL, NULL, NULL, 'Бокал шампанского. То, что доктор прописал.', '0', '0', '0', '0', 'kezan'),
('35186', '-1987145', '', NULL, NULL, NULL, NULL, NULL, NULL, NULL, 'Я с удовольствием выпью еще!', '0', '0', '0', '0', 'kezan'),
('35186', '-1987144', '', NULL, NULL, NULL, NULL, NULL, NULL, NULL, 'Ням-ням!', '0', '0', '0', '0', 'kezan'),
('35186', '-1987143', '', NULL, NULL, NULL, NULL, NULL, NULL, NULL, 'Изумительно! А другие закуски есть?', '0', '0', '0', '0', 'kezan'),
('35054', '-1987142', '', NULL, NULL, NULL, NULL, NULL, NULL, NULL, 'Потрясающий костюм! Пусти в ход все свои новые способности, чтобы сделать гостей счастливыми!', '0', '5', '0', '0', 'kezan'),
('35054', '-1987141', '', NULL, NULL, NULL, NULL, NULL, NULL, NULL, 'Просто посмотрите на нее! Я самый счастливый парень на острове!!!', '0', '12', '0', '0', 'kezan'),
('35053', '-1987140', '', NULL, NULL, NULL, NULL, NULL, NULL, NULL, 'Потрясающий прикид! Пусти в ход все свои новые способности, чтобы сделать гостей счастливыми!', '0', '5', '0', '0', 'kezan'),
('35053', '-1987139', '', NULL, NULL, NULL, NULL, NULL, NULL, NULL, 'О таких красавчиках девочки могут только мечтать! Покажи им, малыш!', '0', '12', '0', '0', 'kezan'),
('35200', '-1987174', '', NULL, NULL, NULL, NULL, NULL, NULL, NULL, 'Мы тут по приглашению торгового принца.', '0', '0', '0', '0', 'kezan'),
('35200', '-1987173', '', NULL, NULL, NULL, NULL, NULL, NULL, NULL, 'Ром есть?', '0', '0', '0', '0', 'kezan'),
('35200', '-1987171', '', NULL, NULL, NULL, NULL, NULL, NULL, NULL, 'Арр-р!', '0', '0', '0', '0', 'kezan'),
('35200', '-1987172', '', NULL, NULL, NULL, NULL, NULL, NULL, NULL, 'Ну, парни, разомнем старые кости!', '0', '0', '0', '0', 'kezan'),
('35200', '-1987170', '', NULL, NULL, NULL, NULL, NULL, NULL, NULL, 'Потанцуем?', '0', '0', '0', '0', 'kezan'),
('35200', '-1987169', '', NULL, NULL, NULL, NULL, NULL, NULL, NULL, 'Кто тут главный?', '0', '0', '0', '0', 'kezan'),
('48496', '-1987204', '', NULL, NULL, NULL, NULL, NULL, NULL, NULL, 'Мы все еще живы - несмотря на ваши усилия, доктор Дрек.', '0', '0', '0', '273', 'kezan'),
('48496', '-1987201', '', NULL, NULL, NULL, NULL, NULL, NULL, NULL, 'ЧТО?!!', '0', '1', '0', '6', 'kezan'),
('48494', '-1987202', '', NULL, NULL, NULL, NULL, NULL, NULL, NULL, 'Я включаю блокировку!', '0', '1', '0', '1', 'kezan'),
('48494', '-1987203', '', NULL, NULL, NULL, NULL, NULL, NULL, NULL, 'Мы еще живы?', '0', '0', '0', '6', 'kezan'),
('48494', '-1987200', '', NULL, NULL, NULL, NULL, NULL, NULL, NULL, 'Что ж, выбора нет... Я всегда любил тебя, Грили!!!', '0', '1', '0', '1', 'kezan'),
('48496', '-1987199', '', NULL, NULL, NULL, NULL, NULL, NULL, NULL, 'Крайняя справа! Быстрее, Хобарт! Он сейчас взорвется!', '0', '1', '0', '5', 'kezan'),
('48496', '-1987197', '', NULL, NULL, NULL, NULL, NULL, NULL, NULL, 'Ты думаешь? Хобарт, микромеханоцып дестабилизируется. Он начал расти!', '0', '0', '0', '25', 'kezan'),
('48494', '-1987198', '', NULL, NULL, NULL, NULL, NULL, NULL, NULL, 'Я знаю... знаю! Где блокировка? Где блокировка?!', '0', '1', '0', '5', 'kezan'),
('48494', '-1987196', '', NULL, NULL, NULL, NULL, NULL, NULL, NULL, 'Стой!.. Что-то не так!', '0', '0', '0', '274', 'kezan'),
('48494', '-1987195', '', NULL, NULL, NULL, NULL, NULL, NULL, NULL, 'Я нажимаю на второй переключатель!', '0', '0', '0', '1', 'kezan'),
('48494', '-1987194', '', NULL, NULL, NULL, NULL, NULL, NULL, NULL, 'Владельцы продуктовых магазинов всего мира будут выплачивать мне долю своей прибыли!', '0', '0', '0', '4', 'kezan'),
('48494', '-1987191', '', NULL, NULL, NULL, NULL, NULL, NULL, NULL, 'Верно, Грили. С сегодняшним тестом ты справилась.', '0', '0', '0', '273', 'kezan'),
('48494', '-1987192', '', NULL, NULL, NULL, NULL, NULL, NULL, NULL, 'Я нажимаю на переключатель.', '0', '0', '0', '1', 'kezan'),
('48494', '-1987193', '', NULL, NULL, NULL, NULL, NULL, NULL, NULL, 'Грили, ты чувствуешь это? Триумф близок!', '0', '0', '0', '6', 'kezan'),
('48496', '-1987190', '', NULL, NULL, NULL, NULL, NULL, NULL, NULL, 'Хм, Хобарт, ты же у пульта.', '0', '0', '0', '1', 'kezan'),
('48496', '-1987189', '', NULL, NULL, NULL, NULL, NULL, NULL, NULL, 'Грили кашляет.', '0', '2', '0', '0', 'kezan'),
('48494', '-1987188', '', NULL, NULL, NULL, NULL, NULL, NULL, NULL, 'Нажми на переключатель.', '0', '0', '0', '25', 'kezan'),
('48494', '-1987187', '', NULL, NULL, NULL, NULL, NULL, NULL, NULL, 'Скоро меня будут считать величайшим механиком в истории гоблинов! Кроме того, об этом деле по обвинению в создании жаблинов все скоро забудут.', '0', '0', '0', '11', 'kezan'),
('48494', '-1987186', '', NULL, NULL, NULL, NULL, NULL, NULL, NULL, 'Я решу ужасную проблему с хранением продовольствия, которая лишает прибыли Картель Трюмных Вод!', '0', '0', '0', '1', 'kezan'),
('48494', '-1987185', '', NULL, NULL, NULL, NULL, NULL, NULL, NULL, 'Спасибо. А теперь смотри, как я стабилизирую крайне нестабильный процесс миниатюризации.', '0', '0', '0', '1', 'kezan'),
('48496', '-1987184', '', NULL, NULL, NULL, NULL, NULL, NULL, NULL, 'Помощница качает головой.', '0', '2', '0', '0', 'kezan'),
('48494', '-1987183', '', NULL, NULL, NULL, NULL, NULL, NULL, NULL, 'Великолепно. А теперь отойди от ультравыпуклой расщепляемой испытательной платформы. И, пожалуйста, сделай это медленно.', '0', '0', '0', '273', 'kezan'),
('48496', '-1987182', '', NULL, NULL, NULL, NULL, NULL, NULL, NULL, 'Да, доктор Дрек.', '0', '0', '0', '1', 'kezan'),
('48496', '-1987181', '', NULL, NULL, NULL, NULL, NULL, NULL, NULL, 'Грили вздыхает и закатывает глаза.', '0', '2', '0', '0', 'kezan'),
('48494', '-1987180', '', NULL, NULL, NULL, NULL, NULL, NULL, NULL, 'Ты многого не знаешь, моя дорогая Грили. Вот почему ты помощница, а я... Я Хобарт Дрек!', '0', '0', '0', '5', 'kezan'),
('48496', '-1987178', '', NULL, NULL, NULL, NULL, NULL, NULL, NULL, 'Не нужно орать, Хобарт, я же тут!', '0', '0', '0', '0', 'kezan'),
('48496', '-1987179', '', NULL, NULL, NULL, NULL, NULL, NULL, NULL, 'Вот он. Один микромеханоцып. Я никогда не понимала, как вы придумываете все эти названия.', '0', '0', '0', '25', 'kezan'),
('48494', '-1987177', '', NULL, NULL, NULL, NULL, NULL, NULL, NULL, 'Готовь микромеханоцыпа!', '0', '1', '0', '5', 'kezan'),
('48494', '-1987223', '', NULL, NULL, NULL, NULL, NULL, NULL, NULL, 'Мы должны убираться с острова! Быстрее, Грили! Хватай чертежи! И мою зубную щетку!', '0', '1', '0', '0', 'kezan'),
('48496', '-1987224', '', NULL, NULL, NULL, NULL, NULL, NULL, NULL, 'Я займусь этим, доктор. Чертежи – есть. Зубная щетка – есть.', '0', '0', '0', '0', 'kezan'),
('48494', '-1987225', '', NULL, NULL, NULL, NULL, NULL, NULL, NULL, 'Делай, что хочешь, только смотри, чтоб я не забыл свою удивительную шапку-обманку!', '0', '1', '0', '0', 'kezan'),
('48496', '-1987222', '', NULL, NULL, NULL, NULL, NULL, NULL, NULL, 'Сейчас. Я помечу лабораторию-в-коробке, чтобы ее развернули в Азшаре. И подушечку для него тоже упакую. Она такая милая!', '0', '0', '0', '0', 'kezan'),
('48494', '-1987221', '', NULL, NULL, NULL, NULL, NULL, NULL, NULL, 'Как же нам провезти объект №9 через таможню? А, знаю! Мы упакуем его в лабораторию-в-коробке!', '0', '1', '0', '0', 'kezan'),
('48496', '-1987220', '', NULL, NULL, NULL, NULL, NULL, NULL, NULL, 'Да, да. Но, Хобарт, тебе нужно успокоиться. У тебя подскочило давление! Ты становишься темно-зеленым!', '0', '0', '0', '0', 'kezan'),
('48494', '-1987219', '', NULL, NULL, NULL, NULL, NULL, NULL, NULL, 'Укладывай все! Мы должны убраться с Кезана! Прыгнем в ближайший Городок-из-табакерки! Они все погрузят на яхту торгового принца.', '0', '1', '0', '0', 'kezan'),
('48496', '-1987218', '', NULL, NULL, NULL, NULL, NULL, NULL, NULL, 'Ты взорвешься, если не успокоишься! Тебе не кажется, что это совпадение было каким-то чересчур удачным? Ведь дракон пролетел над полем именно тогда, когда там проходил финал чемпионата по футбомбе, и в тот момент, когда в гору Каджаро был забит победный гол!', '0', '0', '0', '0', 'kezan'),
('48494', '-1987217', '', NULL, NULL, NULL, NULL, NULL, NULL, NULL, 'Смертокрыл?! Катаклизм?! Мы обречены!!! Мы должны убраться с Кезана, пока гора Каджаро не взорвалась окончательно!!!', '0', '1', '0', '0', 'kezan'),
('48496', '-1987216', '', NULL, NULL, NULL, NULL, NULL, NULL, NULL, 'Да, настоящая вечеринка, на которую меня пригласили. Почему мне ни разу не удается пойти куда-нибудь? Ох, мне нужно выпить.', '0', '0', '0', '0', 'kezan'),
('48496', '-1987214', '', NULL, NULL, NULL, NULL, NULL, NULL, NULL, 'Мм-м, Хобарт, они на тебе.', '0', '0', '0', '0', 'kezan'),
('48494', '-1987215', '', NULL, NULL, NULL, NULL, NULL, NULL, NULL, 'Вечеринка? Невероятно! Остров взлетит на воздух с минуты на минуту, а они устраивают вечеринку? О чем они думают!!!', '0', '1', '0', '0', 'kezan'),
('48494', '-1987213', '', NULL, NULL, NULL, NULL, NULL, NULL, NULL, 'Мы не успеем все упаковать! Бери только самое важное! Куда я засунул взрывостойкие подводные г-лучевые очки?!', '0', '1', '0', '0', 'kezan'),
('48494', '-1987211', '', NULL, NULL, NULL, NULL, NULL, NULL, NULL, 'Потолок рушится!', '0', '1', '0', '0', 'kezan'),
('48496', '-1987212', '', NULL, NULL, NULL, NULL, NULL, NULL, NULL, 'Доктор, с формальной точки зрения это не так. Камни, которые вылетают из вулкана вроде Каджаро, называются \"эджекта\". Это не небо, а расплавленный камень, или \"тефра\". Во время падения они остывают, превращаясь в лава-бомбы. Весьма подходящее название, не так ли?', '0', '0', '0', '0', 'kezan'),
('37500', '-1987234', '', NULL, NULL, NULL, NULL, NULL, NULL, NULL, 'Вам нужно пресс-папье? Вам нужно чем-то подпереть дверь? Разбить стекло? Бам, бам, БАМ! Куски вулканической лавы!', '0', '1', '0', '0', 'kezan'),
('37500', '-1987233', '', NULL, NULL, NULL, NULL, NULL, NULL, NULL, 'Покупайте вулканическую лаву!.. Кошки ее обожают!', '0', '1', '0', '0', 'kezan'),
('37500', '-1987232', '', NULL, NULL, NULL, NULL, NULL, NULL, NULL, 'Вулканическая лава! Уникальное ограниченное предложение! Сертификаты качества и все такое!', '0', '1', '0', '0', 'kezan'),
('37500', '-1987230', '', NULL, NULL, NULL, NULL, NULL, NULL, NULL, 'Вулканическая лава по низким ценам! Берите, она вам понравится!', '0', '1', '0', '0', 'kezan'),
('37500', '-1987231', '', NULL, NULL, NULL, NULL, NULL, NULL, NULL, 'Распродажа вулканической лавы! Лава горячая, только что с горы! Вы хочете лавы - ее есть у меня!', '0', '1', '0', '0', 'kezan'),
('37500', '-1987229', '', NULL, NULL, NULL, NULL, NULL, NULL, NULL, 'Вулканическая лава! Покупайте куски вулканической лавы!', '0', '1', '0', '0', 'kezan'),
('37500', '-1987227', '', NULL, NULL, NULL, NULL, NULL, NULL, NULL, 'Вулканическая лава! Миллион и один способ применения. Лава, джезва, сауна, панама...', '0', '1', '0', '0', 'kezan'),
('37500', '-1987228', '', NULL, NULL, NULL, NULL, NULL, NULL, NULL, 'Привезите домой кусочек Катаклизма! Распродажа лавы! Горячая, горячая, ГОРЯЧАЯ ЛАВА!', '0', '1', '0', '0', 'kezan'),
('37804', '-1987241', '', NULL, NULL, NULL, NULL, NULL, NULL, NULL, '\"Каджа-Кола\" осеняет!', '0', '6', '0', '0', 'kezan'),
('37804', '-1987240', '', NULL, NULL, NULL, NULL, NULL, NULL, NULL, 'Совершенно новая \"Каджа-Кола\"! Теперь идей стало на 100 процентов больше!', '0', '6', '0', '0', 'kezan'),
('37804', '-1987239', '', NULL, NULL, NULL, NULL, NULL, NULL, NULL, 'Наслаждайся новым освежающе интеллектуальным вкусом \"Каджа-Колы\"!', '0', '6', '0', '0', 'kezan'),
('37804', '-1987238', '', NULL, NULL, NULL, NULL, NULL, NULL, NULL, 'Пейте \"Каджа-Колу\"!', '0', '6', '0', '0', 'kezan'),
('37804', '-1987237', '', NULL, NULL, NULL, NULL, NULL, NULL, NULL, '\"Каджа-Кола\"! Твои изобретения должны быть лучшими!', '0', '6', '0', '0', 'kezan'),
('37804', '-1987236', '', NULL, NULL, NULL, NULL, NULL, NULL, NULL, 'Откройте для себя удивительный вкус \"Каджа-Колы\"!', '0', '6', '0', '0', 'kezan'),
('37804', '-1987235', '', NULL, NULL, NULL, NULL, NULL, NULL, NULL, '\"Каджа-Кола\" – спонсор \"Буканьеров Трюмных Вод\"!', '0', '6', '0', '0', 'kezan'),
('700000', '-1987249', '', NULL, NULL, NULL, NULL, NULL, NULL, NULL, 'Мне что, пойти туда и показать вам, как нужно работать?', '0', '14', '0', '0', 'kezan'),
('700000', '-1987248', '', NULL, NULL, NULL, NULL, NULL, NULL, NULL, 'Я клянусь – вы, тролли, худшие работники в мире!', '0', '14', '0', '0', 'kezan'),
('700000', '-1987247', '', NULL, NULL, NULL, NULL, NULL, NULL, NULL, 'Я вас всех отправлю обратно в шахты!', '0', '14', '0', '0', 'kezan'),
('700000', '-1987245', '', NULL, NULL, NULL, NULL, NULL, NULL, NULL, 'ТРОЛЛИ, ВРЕМЯ – ДЕНЬГИ!', '0', '14', '0', '0', 'kezan'),
('700000', '-1987246', '', NULL, NULL, NULL, NULL, NULL, NULL, NULL, 'Эй вы, рабы, шевелитесь!', '0', '14', '0', '0', 'kezan'),
('700000', '-1987244', '', NULL, NULL, NULL, NULL, NULL, NULL, NULL, 'Ты! Да, ты! Принимайся за работу!', '0', '14', '0', '0', 'kezan'),
('700000', '-1987243', '', NULL, NULL, NULL, NULL, NULL, NULL, NULL, 'Не заставляйте меня приходить к вам с моими громилами!', '0', '14', '0', '0', 'kezan'),
('35222', '-1987263', '', NULL, NULL, NULL, NULL, NULL, NULL, NULL, 'Подготовьте мою яхту! С отливом отчаливаем. Со мной поплывут только самые богатые и проверенные.', '19555', '1', '0', '0', 'kezan'),
('35222', '-1987262', '', NULL, NULL, NULL, NULL, NULL, NULL, NULL, 'Ничего, что гора Каджаро взорвалась! Главное, что я все контролирую!', '19553', '1', '0', '0', 'kezan'),
('35222', '-1987261', '', NULL, NULL, NULL, NULL, NULL, NULL, NULL, 'Предвижу возможность большой прибыли! Все активы Картеля Трюмных Вод перейдут ко мне!', '19552', '1', '0', '0', 'kezan'),
('35222', '-1987260', '', NULL, NULL, NULL, NULL, NULL, NULL, NULL, 'Громилы, следите, чтоб мой главный управляющий не ошивался вокруг виллы.', '19554', '1', '0', '0', 'kezan'),
('35222', '-1987259', '', NULL, NULL, NULL, NULL, NULL, NULL, NULL, 'Следите, чтобы воришки не подобрались. Если поймаете кого-то, не давайте спуску!', '19551', '1', '0', '0', 'kezan'),
('35222', '-1987258', '', NULL, NULL, NULL, NULL, NULL, NULL, NULL, 'Пейте \"Каджа-Колу\"!', '19549', '1', '0', '0', 'kezan'),
('35222', '-1987257', '', NULL, NULL, NULL, NULL, NULL, NULL, NULL, 'Благодарю вас за тяжелый самоотверженный труд. Всем одобряю бесплатную переработку!', '19548', '1', '0', '0', 'kezan'),
('35222', '-1987256', '', NULL, NULL, NULL, NULL, NULL, NULL, NULL, 'Славьте величайшего торгового принца Азерота. Меня!', '19547', '1', '0', '0', 'kezan'),
('35222', '-1987254', '', NULL, NULL, NULL, NULL, NULL, NULL, NULL, 'Всех понижу, если \"Акулы\" победят \"Буканьеров\"!', '19545', '1', '0', '0', 'kezan'),
('35222', '-1987255', '', NULL, NULL, NULL, NULL, NULL, NULL, NULL, 'Что там за вечеринка? Меня не пригласили!', '19543', '1', '0', '0', 'kezan'),
('35222', '-1987251', '', NULL, NULL, NULL, NULL, NULL, NULL, NULL, 'Ах вы лентяи! Быстро за работу! Особенно ты, $N!', '19544', '14', '0', '0', 'kezan'),
('35222', '-1987252', '', NULL, NULL, NULL, NULL, NULL, NULL, NULL, 'Это ты, $N? Что ты делаешь так далеко от главного офиса? А ну за работу!', '19546', '1', '0', '0', 'kezan'),
('35222', '-1987253', '', NULL, NULL, NULL, NULL, NULL, NULL, NULL, 'Начинаю жалеть, что повысил тебя, $N!', '19550', '14', '0', '0', 'kezan'),
('0', '-1987318', '', NULL, NULL, NULL, NULL, NULL, NULL, NULL, 'Ушная сера. Ей ОБЯЗАТЕЛЬНО найдется применение.', '0', '14', '0', '0', 'kezan'),
('0', '-1987316', '', NULL, NULL, NULL, NULL, NULL, NULL, NULL, 'Точилки для ложек!', '0', '14', '0', '0', 'kezan'),
('0', '-1987317', '', NULL, NULL, NULL, NULL, NULL, NULL, NULL, 'У меня есть идея для фильма. Три гнома находят браслет силы...', '0', '14', '0', '0', 'kezan'),
('0', '-1987315', '', NULL, NULL, NULL, NULL, NULL, NULL, NULL, 'Таурены-паладины!', '0', '14', '0', '0', 'kezan'),
('0', '-1987314', '', NULL, NULL, NULL, NULL, NULL, NULL, NULL, 'Съедобные постели. Чтобы можно было завтракать в постели. Постели... на завтрак!', '0', '14', '0', '0', 'kezan'),
('0', '-1987313', '', NULL, NULL, NULL, NULL, NULL, NULL, NULL, 'Съедобное ракетное топливо!', '0', '14', '0', '0', 'kezan'),
('0', '-1987310', '', NULL, NULL, NULL, NULL, NULL, NULL, NULL, 'Рубашки с отверстиями для ног. Обратимые рубахо-шорты!', '0', '14', '0', '0', 'kezan'),
('0', '-1987311', '', NULL, NULL, NULL, NULL, NULL, NULL, NULL, 'Ручные односторонние зеркала!', '0', '14', '0', '0', 'kezan'),
('0', '-1987312', '', NULL, NULL, NULL, NULL, NULL, NULL, NULL, 'Соусная лодка с мотором. С лазерным измельчителем комочков.', '0', '14', '0', '0', 'kezan'),
('0', '-1987309', '', NULL, NULL, NULL, NULL, NULL, NULL, NULL, 'Прикрепить два транспортных средства к большому транспорту и заставить пассажиров прыгать с одного транспорта на другой!', '0', '14', '0', '0', 'kezan'),
('0', '-1987308', '', NULL, NULL, NULL, NULL, NULL, NULL, NULL, 'Поршень на пружинах с прикрепленными лезвиями для обработки пищи. И людей, с которыми ты не согласен.', '0', '14', '0', '0', 'kezan'),
('0', '-1987307', '', NULL, NULL, NULL, NULL, NULL, NULL, NULL, 'Портативные бензиновые пистолеты-брызгалки!', '0', '14', '0', '0', 'kezan'),
('0', '-1987306', '', NULL, NULL, NULL, NULL, NULL, NULL, NULL, 'Поводки... с прикрепленными к ним животными.', '0', '14', '0', '0', 'kezan'),
('0', '-1987305', '', NULL, NULL, NULL, NULL, NULL, NULL, NULL, 'Получеловек... Полу-акулоаллигатор!', '0', '14', '0', '0', 'kezan'),
('0', '-1987304', '', NULL, NULL, NULL, NULL, NULL, NULL, NULL, 'Перчатки со встроеннными хлопушками, чтобы можно было хлопать без рук.', '0', '14', '0', '0', 'kezan'),
('0', '-1987303', '', NULL, NULL, NULL, NULL, NULL, NULL, NULL, 'Переработка сырья! Но только для тех вещей, которые еще ни разу не использовали.', '0', '14', '0', '0', 'kezan'),
('0', '-1987302', '', NULL, NULL, NULL, NULL, NULL, NULL, NULL, 'Перевернутые вверх дном лодки! Они никогда не опрокинутся!', '0', '14', '0', '0', 'kezan'),
('0', '-1987301', '', NULL, NULL, NULL, NULL, NULL, NULL, NULL, 'Односторонняя бумага!', '0', '14', '0', '0', 'kezan'),
('0', '-1987300', '', NULL, NULL, NULL, NULL, NULL, NULL, NULL, 'Носоудлинители. Чтобы вдыхать ароматы из соседних комнат.', '0', '14', '0', '0', 'kezan'),
('0', '-1987299', '', NULL, NULL, NULL, NULL, NULL, NULL, NULL, 'Невидимые приправы. Чтобы не мешали тебе смотреть на еду.', '0', '14', '0', '0', 'kezan'),
('0', '-1987298', '', NULL, NULL, NULL, NULL, NULL, NULL, NULL, 'Невидимые кролики! Мы расставим их повсюду, и они будут все контролировать!', '0', '14', '0', '0', 'kezan'),
('0', '-1987297', '', NULL, NULL, NULL, NULL, NULL, NULL, NULL, 'Мяч-бомба на веревочке!', '0', '14', '0', '0', 'kezan'),
('0', '-1987296', '', NULL, NULL, NULL, NULL, NULL, NULL, NULL, 'Мы поместим целый город... в крошечную табакерку!', '0', '14', '0', '0', 'kezan'),
('0', '-1987295', '', NULL, NULL, NULL, NULL, NULL, NULL, NULL, 'Мыло на веревке! Прикрепленное к цепи, прикрепленной к стальному тросу. Прикрепленному к другому куску мыла.', '0', '14', '0', '0', 'kezan'),
('0', '-1987293', '', NULL, NULL, NULL, NULL, NULL, NULL, NULL, 'Лестницы... для горизонтальных поверхностей!', '0', '14', '0', '0', 'kezan'),
('0', '-1987294', '', NULL, NULL, NULL, NULL, NULL, NULL, NULL, 'Лицензии на убийство!', '0', '14', '0', '0', 'kezan'),
('0', '-1987292', '', NULL, NULL, NULL, NULL, NULL, NULL, NULL, 'Кормить свиней резиной, пока они не станут подпрыгивать. Этому должно найти применение.', '0', '14', '0', '0', 'kezan'),
('0', '-1987291', '', NULL, NULL, NULL, NULL, NULL, NULL, NULL, 'Клоуны. Они тебя не смешат, но зато ты их можешь бить.', '0', '14', '0', '0', 'kezan'),
('0', '-1987290', '', NULL, NULL, NULL, NULL, NULL, NULL, NULL, 'Капканы на медведя размером с мышеловку... нет... Мышеловки размером с капкан на медведя!', '0', '14', '0', '0', 'kezan'),
('0', '-1987288', '', NULL, NULL, NULL, NULL, NULL, NULL, NULL, 'Игральные кости с 13-ю сторонами!', '0', '14', '0', '0', 'kezan'),
('0', '-1987289', '', NULL, NULL, NULL, NULL, NULL, NULL, NULL, 'Игры, в которые можно играть лицом!', '0', '14', '0', '0', 'kezan'),
('0', '-1987286', '', NULL, NULL, NULL, NULL, NULL, NULL, NULL, 'Дырки от бубликов!', '0', '14', '0', '0', 'kezan'),
('0', '-1987287', '', NULL, NULL, NULL, NULL, NULL, NULL, NULL, 'Есть! Мягкие камни!', '0', '14', '0', '0', 'kezan'),
('0', '-1987285', '', NULL, NULL, NULL, NULL, NULL, NULL, NULL, 'Дома из грязи! Когда ты проводишь в них уборку... ОНИ ИСЧЕЗАЮТ.', '0', '14', '0', '0', 'kezan'),
('0', '-1987284', '', NULL, NULL, NULL, NULL, NULL, NULL, NULL, 'Детекторы мам.', '0', '14', '0', '0', 'kezan'),
('0', '-1987283', '', NULL, NULL, NULL, NULL, NULL, NULL, NULL, 'Дворфы. В космосе!', '0', '14', '0', '0', 'kezan'),
('0', '-1987282', '', NULL, NULL, NULL, NULL, NULL, NULL, NULL, 'Двоичная система исчесления. В ней будет только два числа - 6 и 11.', '0', '14', '0', '0', 'kezan'),
('0', '-1987281', '', NULL, NULL, NULL, NULL, NULL, NULL, NULL, 'Грузовик, который доставляет мороженое. С помощью катапульты.', '0', '14', '0', '0', 'kezan'),
('0', '-1987279', '', NULL, NULL, NULL, NULL, NULL, NULL, NULL, 'Глобус, который показывают внутренности планеты... на ее поверхности. Чтобы знать, где копать!', '0', '14', '0', '0', 'kezan'),
('0', '-1987280', '', NULL, NULL, NULL, NULL, NULL, NULL, NULL, 'Гоблины с жабрами!', '0', '14', '0', '0', 'kezan'),
('0', '-1987278', '', NULL, NULL, NULL, NULL, NULL, NULL, NULL, 'Гигантские гномы. Нет, постой... крошечные гиганты!', '0', '14', '0', '0', 'kezan'),
('0', '-1987277', '', NULL, NULL, NULL, NULL, NULL, NULL, NULL, 'Воздушные змеи без бечевок!', '0', '14', '0', '0', 'kezan'),
('0', '-1987276', '', NULL, NULL, NULL, NULL, NULL, NULL, NULL, 'Водостойкое мыло! Для использования под водой!', '0', '14', '0', '0', 'kezan'),
('0', '-1987275', '', NULL, NULL, NULL, NULL, NULL, NULL, NULL, 'Взрывающиеся огнетушители. Мы будем бороться с огнем... ОГНЕМ!', '0', '14', '0', '0', 'kezan'),
('0', '-1987274', '', NULL, NULL, NULL, NULL, NULL, NULL, NULL, 'Ваниль со вкусом шоколада!', '0', '14', '0', '0', 'kezan'),
('0', '-1987273', '', NULL, NULL, NULL, NULL, NULL, NULL, NULL, 'Бумажники в виде улыбающихся обезьян!', '0', '14', '0', '0', 'kezan'),
('0', '-1987272', '', NULL, NULL, NULL, NULL, NULL, NULL, NULL, 'Ботинки с колесиками. И перчатки с колесиками - на тот случай, если ты упал.', '0', '14', '0', '0', 'kezan'),
('0', '-1987269', '', NULL, NULL, NULL, NULL, NULL, NULL, NULL, 'Башмаки для головы!', '0', '14', '0', '0', 'kezan'),
('0', '-1987270', '', NULL, NULL, NULL, NULL, NULL, NULL, NULL, 'Бесплатное здравоохранение.', '0', '14', '0', '0', 'kezan'),
('0', '-1987271', '', NULL, NULL, NULL, NULL, NULL, NULL, NULL, 'Большая конференция, на которой мы сможем продемонстрировать все наши изобретения. Мы назовем ее \"ГоблинКон\". И на ней мы будем раздавать особых домашних питомцев! Жаль, что большинство посетителей все равно потом продадут их с аукциона.', '0', '14', '0', '0', 'kezan'),
('0', '-1987266', '', NULL, NULL, NULL, NULL, NULL, NULL, NULL, 'А как тебе это: растворимая вода! Просто добавь... ой.', '0', '14', '0', '0', 'kezan'),
('0', '-1987267', '', NULL, NULL, NULL, NULL, NULL, NULL, NULL, 'А что если мы ОРГАНИЗУЕМ преступность?', '0', '14', '0', '0', 'kezan'),
('0', '-1987268', '', NULL, NULL, NULL, NULL, NULL, NULL, NULL, 'Банные халаты со встроенными душевыми колонками.', '0', '14', '0', '0', 'kezan'),
('0', '-1987265', '', NULL, NULL, NULL, NULL, NULL, NULL, NULL, 'А что если мы сделаем эмулятор популярной игры и будем продавать игрокам недоступные в игре плюшки?!', '0', '14', '0', '0', 'kezan'),
('35304', '-1987330', '', NULL, NULL, NULL, NULL, NULL, NULL, NULL, 'Как из каджа\'мита делают \"Каджа-колу\"?', '0', '12', '0', '31', 'kezan'),
('35304', '-1987329', '', NULL, NULL, NULL, NULL, NULL, NULL, NULL, 'Мы следить за энти тролли хорошо-хорошо!', '0', '12', '0', '31', 'kezan'),
('35304', '-1987327', '', NULL, NULL, NULL, NULL, NULL, NULL, NULL, 'Здорово, босс.', '0', '12', '0', '31', 'kezan'),
('35304', '-1987328', '', NULL, NULL, NULL, NULL, NULL, NULL, NULL, 'Твоя хочет, мы пойти бить плохих троллей?', '0', '12', '0', '31', 'kezan'),
('35304', '-1987326', '', NULL, NULL, NULL, NULL, NULL, NULL, NULL, 'Твоя будь осторожный. Тролли плохие!', '0', '12', '0', '31', 'kezan'),
('35304', '-1987324', '', NULL, NULL, NULL, NULL, NULL, NULL, NULL, 'Тролли говорят разное, босс.', '0', '12', '0', '31', 'kezan'),
('35304', '-1987325', '', NULL, NULL, NULL, NULL, NULL, NULL, NULL, 'Энти тролли хочут драться?', '0', '12', '0', '31', 'kezan'),
('34668', '-1987332', '', NULL, NULL, NULL, NULL, NULL, NULL, NULL, 'Я не могу на это смотреть. Столько приятных воспоминаний... Такая прибыль...', '0', '12', '0', '18', 'kezan'),
('37602', '-1987333', '', NULL, NULL, NULL, NULL, NULL, NULL, NULL, 'Еще одна жертва несчастного случая с \"электричеством, газом, легковоспламеняющейся кроватью и фейерверками\"?..', '0', '14', '0', '0', 'kezan'),
('34668', '-1987336', '', NULL, NULL, NULL, NULL, NULL, NULL, NULL, 'ПРОЧЬ С ДОРОГИ!', '0', '14', '0', '15', 'kezan'),
('34668', '-1987337', '', NULL, NULL, NULL, NULL, NULL, NULL, NULL, 'Вот мы и в безо... О, НЕТ! Нас подставили!', '0', '12', '0', '15', 'kezan'),
('35053', '-1987338', '', NULL, NULL, NULL, NULL, NULL, NULL, NULL, '$N, между нами все кончено! Теперь я с Чипом.', '0', '12', '0', '15', 'kezan'),
('34668', '-1987335', '', NULL, NULL, NULL, NULL, NULL, NULL, NULL, 'Придется искать объезд.', '0', '12', '0', '15', 'kezan'),
('34668', '-1987334', '', NULL, NULL, NULL, NULL, NULL, NULL, NULL, 'Яхта торгового принца готова к отплытию. Все в док, живо! Давайте мне ключи, босс, я поведу. Когда будете готовы, дайте мне знать.', '0', '12', '0', '15', 'kezan'),
('34877', '-1987340', '', NULL, NULL, NULL, NULL, NULL, NULL, NULL, '<Джек что-то бубнит по поводу своего молотка… как вам показалось.>', '0', '12', '0', '15', 'kezan'),
('50474', '-1977162', 'miss content_default', NULL, NULL, NULL, NULL, NULL, NULL, NULL, 'Отбросте их! Мы должны защитить выживших!', '0', '1', '0', '0', 'gilneas'),
('50474', '-1977163', 'miss content_default', NULL, NULL, NULL, NULL, NULL, NULL, NULL, 'Они превращают наших людей в МОНСТРОВ!', '0', '1', '0', '0', 'gilneas'),
('38553', '-1977164', 'miss content_default', NULL, NULL, NULL, NULL, NULL, NULL, NULL, 'Пора и нам присоединиться к заварушке, $N! Теперь, когда ты сражаешься на нашей стороне, мы просто не можем проиграть!', '0', '14', '0', '0', 'gilneas'),
('35874', '-1977165', 'miss content_default', NULL, NULL, NULL, NULL, NULL, NULL, NULL, 'Чудесно! А теперь бери свой штуцер и сделай несколько дырок в блохастых задницах этих тварей!', '0', '12', '0', '25', 'gilneas'),
('35874', '-1977166', 'miss content_default', NULL, NULL, NULL, NULL, NULL, NULL, NULL, 'Кажись, теперь трофей самого здорового воргена пренадлежит тебе!', '0', '12', '0', '11', 'gilneas'),
('35869', '-1977167', 'miss content_default', NULL, NULL, NULL, NULL, NULL, NULL, NULL, 'Тебе нужно научится использовать жертвенный огонь. Это заклинание прекрасно подойдет, что бы сжечь собачьи души наших врагов. Иди и предай их жертвенному огню!', '0', '12', '0', '25', 'gilneas'),
('35869', '-1977168', 'miss content_default', NULL, NULL, NULL, NULL, NULL, NULL, NULL, 'Очень хорошо! Даже здесь я слышу вонь паленой псины...', '0', '12', '0', '11', 'gilneas'),
('35871', '-1977169', 'miss content_default', NULL, NULL, NULL, NULL, NULL, NULL, NULL, 'Сейчас самое время научится потрошению... Будет очень хорошо если ты пойдешь и испробуешь свое новое умение на воргенах.', '0', '12', '0', '25', 'gilneas'),
('35871', '-1977170', 'miss content_default', NULL, NULL, NULL, NULL, NULL, NULL, NULL, 'Я вижу ты разделал несколько блоховозов?', '0', '12', '0', '11', 'gilneas'),
('35870', '-1977171', 'miss content_default', NULL, NULL, NULL, NULL, NULL, NULL, NULL, 'Эти стражи рисковали своей жизнью, что бы спасти наш народ. Твой долг прикоснутся к ним исцеляющей дланью Света!', '0', '12', '0', '0', 'gilneas'),
('35870', '-1977172', 'miss content_default', NULL, NULL, NULL, NULL, NULL, NULL, NULL, 'Ты $Gсделал:сделала; благое дело $N. Теперь жизнь этих стражей вне опасности.', '0', '12', '0', '0', 'gilneas'),
('35873', '-1977173', 'miss content_default', NULL, NULL, NULL, NULL, NULL, NULL, NULL, 'Познай силу исцеления земли и даруй его раненым стражам, которые рискуя своими жизнями, отбивали атаки воргенов на мирных жителей!', '0', '12', '0', '0', 'gilneas'),
('35873', '-1977174', 'miss content_default', NULL, NULL, NULL, NULL, NULL, NULL, NULL, 'Благословление земли коснулось этих стражей...', '0', '12', '0', '0', 'gilneas'),
('35872', '-1977175', 'miss content_default', NULL, NULL, NULL, NULL, NULL, NULL, NULL, 'Настало время постигнуть новые знания. Выучи чародейские стрелы и запусти их в блохастых засранцев!', '0', '12', '0', '0', 'gilneas'),
('35872', '-1977176', 'miss content_default', NULL, NULL, NULL, NULL, NULL, NULL, NULL, 'Прекрасно! Теперь воргены дважды подумают, прежде чем нападать на нас.', '0', '12', '0', '0', 'gilneas'),
('35839', '-1977177', 'miss content_default', NULL, NULL, NULL, NULL, NULL, NULL, NULL, 'В эти трудные времены мы, воины, должны храбро защищать наши земли и наш народ! Выучи рывок и продемонстрируй свою готовность сражаться до конца этим блохозаврам!', '0', '12', '0', '0', 'gilneas'),
('35839', '-1977178', 'miss content_default', NULL, NULL, NULL, NULL, NULL, NULL, NULL, 'Ты $Gсокрушил:сокрушила; мохнатую тварь! Сражайся так же и впредь. Да прибудет с тобой сила!', '0', '12', '0', '0', 'gilneas'),
('34872', '-1987003', '', NULL, NULL, NULL, NULL, NULL, NULL, NULL, 'Ладно, ладно! Я все понял!', '0', '12', '0', '5', 'kezan'),
('34830', '-1987010', '', NULL, NULL, NULL, NULL, NULL, NULL, NULL, 'Извини, чувак. Больше это не повторится.', '12007', '0', '0', '5', 'kezan'),
('34830', '-1987011', '', NULL, NULL, NULL, NULL, NULL, NULL, NULL, 'В шахтах было лучше!', '12007', '0', '0', '5', 'kezan'),
('34668', '-1987056', '', NULL, NULL, NULL, NULL, NULL, NULL, NULL, 'Смотри, куда едешь!', '0', '12', '0', '0', 'kezan'),
('34668', '-1987057', '', NULL, NULL, NULL, NULL, NULL, NULL, NULL, 'Мои ноги!!! Я их не чувствую!', '0', '14', '0', '0', 'kezan'),
('34668', '-1987058', '', NULL, NULL, NULL, NULL, NULL, NULL, NULL, 'Ты меня покалечил!!!', '0', '12', '0', '0', 'kezan'),
('34668', '-1987059', '', NULL, NULL, NULL, NULL, NULL, NULL, NULL, 'Ааа! Что ты делаешь?!', '0', '12', '0', '0', 'kezan'),
('34668', '-1987060', '', NULL, NULL, NULL, NULL, NULL, NULL, NULL, 'О нет! Как же мне больно!', '0', '12', '0', '0', 'kezan'),
('34668', '-1987061', '', NULL, NULL, NULL, NULL, NULL, NULL, NULL, 'Моя спина! Как же она болит!', '0', '14', '0', '0', 'kezan'),
('34668', '-1987062', '', NULL, NULL, NULL, NULL, NULL, NULL, NULL, 'Что ты наделал?!', '0', '12', '0', '0', 'kezan'),
('34668', '-1987063', '', NULL, NULL, NULL, NULL, NULL, NULL, NULL, 'Аккуратнее! Смотри куда едешь!', '0', '14', '0', '0', 'kezan'),
('34668', '-1987064', '', NULL, NULL, NULL, NULL, NULL, NULL, NULL, 'Криворукая горилла! Куда ты рулишь?!', '0', '14', '0', '0', 'kezan'),
('34668', '-1987065', '', NULL, NULL, NULL, NULL, NULL, NULL, NULL, 'Какой тупой гоблин продал тебе права?! Ты его уже задавил?!', '0', '14', '0', '0', 'kezan'),
('34668', '-1987066', '', NULL, NULL, NULL, NULL, NULL, NULL, NULL, 'Ну все! Ты нарвался! Теперь держись!!!', '0', '14', '0', '0', 'kezan'),
('34668', '-1987067', '', NULL, NULL, NULL, NULL, NULL, NULL, NULL, 'Ааа-аа-рр! Лови ракету засранец!', '0', '14', '0', '0', 'kezan'),
('34668', '-1987068', '', NULL, NULL, NULL, NULL, NULL, NULL, NULL, 'Тебе не жить! Я достану тебя!', '0', '14', '0', '0', 'kezan'),
('34668', '-1987069', '', NULL, NULL, NULL, NULL, NULL, NULL, NULL, 'Тебе конец! Прощайся со своим хотродом!', '0', '14', '0', '0', 'kezan'),
('34668', '-1987070', '', NULL, NULL, NULL, NULL, NULL, NULL, NULL, 'Лови поцелуй ракеты!', '0', '14', '0', '0', 'kezan'),
('34957', '-1987094', '', NULL, NULL, NULL, NULL, NULL, NULL, NULL, 'Лупи его по морде!', '0', '14', '0', '0', 'kezan'),
('34957', '-1987095', '', NULL, NULL, NULL, NULL, NULL, NULL, NULL, 'Расквась ему морду!', '0', '14', '0', '0', 'kezan'),
('34957', '-1987096', '', NULL, NULL, NULL, NULL, NULL, NULL, NULL, 'Хватай его! Сейчас убежит!', '0', '14', '0', '0', 'kezan'),
('34957', '-1987097', '', NULL, NULL, NULL, NULL, NULL, NULL, NULL, 'Сейчас ты получишь!', '0', '14', '0', '0', 'kezan'),
('35063', '-1987102', '', NULL, NULL, NULL, NULL, NULL, NULL, NULL, 'Забо теперь такой крутой!', '0', '12', '0', '0', 'kezan'),
('35486', '-1987113', '', NULL, NULL, NULL, NULL, NULL, NULL, NULL, 'Верно!', '0', '5', '0', '0', 'kezan'),
('35486', '-1987114', '', NULL, NULL, NULL, NULL, NULL, NULL, NULL, 'Не верно!', '0', '5', '0', '0', 'kezan'),
('35486', '-1987115', '', NULL, NULL, NULL, NULL, NULL, NULL, NULL, '', '0', '5', '0', '0', 'kezan'),
('34668', '-1987116', '', NULL, NULL, NULL, NULL, NULL, NULL, NULL, 'Время истекло!', '0', '12', '0', '0', 'kezan'),
('34668', '-1987117', '', NULL, NULL, NULL, NULL, NULL, NULL, NULL, 'Вам нужно поспешить взломать сейф и достать ваши бабки из банка, босс!', '0', '12', '0', '0', 'kezan'),
('34695', '-1987136', '', NULL, NULL, NULL, NULL, NULL, NULL, NULL, 'И как это вам двоим удалось пробиться на руководящие должности?', '0', '0', '0', '0', 'kezan'),
('34695', '-1987137', '', NULL, NULL, NULL, NULL, NULL, NULL, NULL, 'Заткнитесь, обрубки. Босс пришел!', '0', '0', '0', '0', 'kezan'),
('34695', '-1987138', '', NULL, NULL, NULL, NULL, NULL, NULL, NULL, 'В другой раз я не промахнусь!', '0', '0', '0', '0', 'kezan'),
('35186', '-1987161', '', NULL, NULL, NULL, NULL, NULL, NULL, NULL, 'Ого, фейерверк! Еще, еще!', '0', '12', '0', '0', 'kezan'),
('35186', '-1987162', '', NULL, NULL, NULL, NULL, NULL, NULL, NULL, 'Шпашибо!', '0', '12', '0', '0', 'kezan'),
('35186', '-1987163', '', NULL, NULL, NULL, NULL, NULL, NULL, NULL, 'Мне уже гораздо лучше... ик!..', '0', '12', '0', '0', 'kezan'),
('35186', '-1987164', '', NULL, NULL, NULL, NULL, NULL, NULL, NULL, 'Ишвини, я не хотела ишпортить твои ботинки.', '0', '12', '0', '0', 'kezan'),
('35186', '-1987165', '', NULL, NULL, NULL, NULL, NULL, NULL, NULL, 'Лучшая... вечеринка... в мире!', '0', '12', '0', '0', 'kezan'),
('35186', '-1987166', '', NULL, NULL, NULL, NULL, NULL, NULL, NULL, 'Трясись, словно молодой гоблиноид!', '0', '12', '0', '0', 'kezan'),
('35186', '-1987167', '', NULL, NULL, NULL, NULL, NULL, NULL, NULL, 'Диско-шар?! Круто!', '0', '12', '0', '0', 'kezan'),
('35186', '-1987168', '', NULL, NULL, NULL, NULL, NULL, NULL, NULL, 'Тебе нравятся как я двигаюсь?', '0', '12', '0', '0', 'kezan'),
('35200', '-1987175', '', NULL, NULL, NULL, NULL, NULL, NULL, NULL, 'Где добыча?', '0', '0', '0', '0', 'kezan'),
('35200', '-1987176', '', NULL, NULL, NULL, NULL, NULL, NULL, NULL, 'Деньги на бочку!', '0', '0', '0', '0', 'kezan'),
('48494', '-1987205', '', NULL, NULL, NULL, NULL, NULL, NULL, NULL, 'Конечно, дорогая Грили. И смотри – стабилизация микромеханоцыпа прошла успешно!', '0', '0', '0', '273', 'kezan'),
('48496', '-1987206', '', NULL, NULL, NULL, NULL, NULL, NULL, NULL, 'Что это у тебя на лице? Яйцо?', '0', '0', '0', '11', 'kezan'),
('48494', '-1987207', '', NULL, NULL, NULL, NULL, NULL, NULL, NULL, 'Хобарт раскрывает рот от удивления.', '0', '2', '0', '18', 'kezan'),
('48496', '-1987208', '', NULL, NULL, NULL, NULL, NULL, NULL, NULL, 'Так, значит, ты \"всегда любил\" меня, да, Дрек?', '0', '0', '0', '6', 'kezan'),
('48494', '-1987209', '', NULL, NULL, NULL, NULL, NULL, NULL, NULL, 'Я не имею ни малейшего представления, о чем вы говорите, мисс Грили.', '0', '0', '0', '0', 'kezan'),
('48496', '-1987210', '', NULL, NULL, NULL, NULL, NULL, NULL, NULL, 'Мы оба согласны с этим, доктор', '0', '0', '0', '273', 'kezan'),
('48496', '-1987226', '', NULL, NULL, NULL, NULL, NULL, NULL, NULL, 'Хм... Она где-то здесь... Но ты точно хочешь ее забрать? Ведь в половине случаев эта штука не создает обманку, а превращает носителя в громилу! И взрываются они частенько!', '0', '0', '0', '0', 'kezan'),
('37804', '-1987242', '', NULL, NULL, NULL, NULL, NULL, NULL, NULL, 'Горностай Джинкси советует: \"Пей \"Каджа-Колу\"... или хуже будет!\"', '0', '6', '0', '0', 'kezan'),
('700000', '-1987250', '', NULL, NULL, NULL, NULL, NULL, NULL, NULL, 'Вы все никчемные твари! Боюсь, что нам придется бросить вас в Водоворот!', '0', '14', '0', '0', 'kezan'),
('35222', '-1987264', '', NULL, NULL, NULL, NULL, NULL, NULL, NULL, 'Мы отправимся в далекую Азшару. Там я создам новую торговую империю, которая подомнет под себя картель Хитрой Шестеренки! Я прикажу высечь свою статую в скале. Все будут платить мне дань!', '19557', '1', '0', '0', 'kezan'),
('0', '-1987319', '', NULL, NULL, NULL, NULL, NULL, NULL, NULL, 'Фальшивая еда! Сделанная из измельченной настоящей еды, которой придали форму другой еды. С искусственными ароматизаторами!', '0', '14', '0', '0', 'kezan'),
('0', '-1987320', '', NULL, NULL, NULL, NULL, NULL, NULL, NULL, 'Флерберты. Я не знаю, что они делают, но название отличное. Поэтому нужно зарегистрировать его как торговую марку.', '0', '14', '0', '0', 'kezan'),
('0', '-1987321', '', NULL, NULL, NULL, NULL, NULL, NULL, NULL, 'Электрические провода для передачи сообщений на большие расстояния... Нет, это непрактично. Огромные ракеты с прикрепленными к ним громкоговорителями...', '0', '14', '0', '0', 'kezan'),
('0', '-1987322', '', NULL, NULL, NULL, NULL, NULL, NULL, NULL, 'Это как банджи-джампинг, понимаешь? Только без каната. И ты прыгаешь не сверху, а снизу. А так это совсем как обычные прыжки. Только с ружьями.', '0', '14', '0', '0', 'kezan'),
('0', '-1987323', '', NULL, NULL, NULL, NULL, NULL, NULL, NULL, 'Выжать из каджа\'мита сок и сделать из него вкуснейший газированный напиток, который ВРАЗУМЛЯЕТ! Эй, погоди-ка...', '0', '14', '0', '0', 'kezan'),
('35304', '-1987331', '', NULL, NULL, NULL, NULL, NULL, NULL, NULL, 'Почему мы не получать \"Каджа-Кола\"? Мы хотеть иметь идеи!', '0', '12', '0', '31', 'kezan'),
('35054', '-1987339', '', NULL, NULL, NULL, NULL, NULL, NULL, NULL, '$N, между нами все кончено! Теперь я с Конфеткой.', '0', '12', '0', '15', 'kezan');


-- REPLACE INTO locales_creature VALUES ('34511', '', '', '', '', '', '', '', 'Отрекшийся-захватчик', null, null, null, null, null, null, null, '');
-- REPLACE INTO locales_creature VALUES ('36236', '', '', '', '', '', '', '', 'Отрекшийся-рядовой', null, null, null, null, null, null, null, '');
-- REPLACE INTO locales_creature VALUES ('36488', '', '', '', '', '', '', '', 'Отрекшийся-изгой', null, null, null, null, null, null, null, '');
-- REPLACE INTO locales_creature VALUES ('37914', '', '', '', '', '', '', '', 'Высокое древо', null, null, null, null, null, null, null, '');	
-- REPLACE INTO locales_creature VALUES ('37916', '', '', '', '', '', '', '', 'Орк-налетчик', null, null, null, null, null, null, null, '');
-- REPLACE INTO locales_creature VALUES ('37921', '', '', '', '', '', '', '', 'Орочья боевая машина', null, null, null, null, null, null, null, '');
-- REPLACE INTO locales_creature VALUES ('37939', '', '', '', '', '', '', '', 'Верховой боевой волк', null, null, null, null, null, null, null, '');
-- REPLACE INTO locales_creature VALUES ('44086', '', '', '', '', '', '', '', 'Паникующий горожанин', null, null, null, null, null, null, null, '');
-- REPLACE INTO locales_creature VALUES ('50260', '', '', '', '', '', '', '', 'Гилнеасская ворона', null, null, null, null, null, null, null, '');
-- REPLACE INTO locales_creature VALUES ('34850', '', '', '', '', '', '', '', 'Принц Лиам Седогрив', null, null, null, null, null, null, null, '');
-- REPLACE INTO locales_creature_text VALUES ('34850', '0', '0', null, null, null, null, null, null, null, 'Надо охранять периметр и все время держать двух стражников на воротах. Никого не впускать и не выпускать.');
-- REPLACE INTO locales_creature_text VALUES ('34850', '1', '0', null, null, null, null, null, null, null, 'Мы защищали Гильнеас от Плети и во время восстания у Северных Врат. Мы защитим его от любой новой опасности, которая будет ему угрожать.');
-- REPLACE INTO locales_creature_text VALUES ('34850', '2', '0', null, null, null, null, null, null, null, 'Стажа, приготовиться! Мы не знаем, сколько сюда вторгнется солдат, но Каменистый мыс уже занят врагом, и мы отрезаны от прибрежных городов. Противник превосходит нас числом!');
-- REPLACE INTO locales_creature VALUES ('34863', '', '', '', '', '', '', '', 'Лейтенант Вальден', null, null, null, null, null, null, null, '');	
-- REPLACE INTO locales_creature_text VALUES ('34913', '0', '0', null, null, null, null, null, null, null, 'Не отступайте ни на шаг!');
-- REPLACE INTO locales_creature_text VALUES ('34913', '1', '0', null, null, null, null, null, null, null, 'Разгромите этих тварей!');
-- REPLACE INTO locales_creature_text VALUES ('34913', '2', '0', null, null, null, null, null, null, null, 'Защитите горожан!');
-- REPLACE INTO locales_creature_text VALUES ('34913', '3', '0', null, null, null, null, null, null, null, 'Отбросьте их!');
-- REPLACE INTO locales_creature_text VALUES ('34913', '4', '0', null, null, null, null, null, null, null, 'Мужайтесь, люди! Мы должны защитить свой город!');
-- REPLACE INTO locales_creature VALUES ('34571', '', '', '', '', '', '', '', 'Гвен Армстед', null, null, null, null, null, null, null, 'Мэр Темной Гавани');
-- REPLACE INTO locales_creature VALUES ('34864', '', '', '', '', '', '', '', 'Стражник Гилнеаса', null, null, null, null, null, null, null, '');
-- REPLACE INTO locales_creature VALUES ('34916', '', '', '', '', '', '', '', 'Стражник Гилнеаса', null, null, null, null, null, null, null, '');
-- REPLACE INTO locales_creature VALUES ('35232', '', '', '', '', '', '', '', 'Королевский стражник Гилнеаса', null, null, null, null, null, null, null, '');
-- REPLACE INTO locales_creature VALUES ('36057', '', '', '', '', '', '', '', 'Повстанец Северных Врат', null, null, null, null, null, null, null, '');
-- REPLACE INTO locales_creature VALUES ('41015', '', '', '', '', '', '', '', 'Повстанец Северных Врат', null, null, null, null, null, null, null, '');
-- REPLACE INTO locales_creature VALUES ('50474', '', '', '', '', '', '', '', 'Стражник Гилнеаса', null, null, null, null, null, null, null, '');
-- REPLACE INTO locales_creature VALUES ('35112', '', '', '', '', '', '', '', 'Король Генн Седогрив', null, null, null, null, null, null, null, '');
-- REPLACE INTO locales_creature VALUES ('34884', '', '', '', '', '', '', '', 'Озлобленный ворген', null, null, null, null, null, null, null, '');
-- REPLACE INTO locales_creature VALUES ('35118', '', '', '', '', '', '', '', 'Ворген из стаи Кровавых Клыков', null, null, null, null, null, null, null, '');
-- REPLACE INTO locales_creature VALUES ('35505', '', '', '', '', '', '', '', 'Потрошитель из стаи Кровавых Клыков', null, null, null, null, null, null, null, '');
-- REPLACE INTO locales_creature VALUES ('35627', '', '', '', '', '', '', '', 'Негодующий ловец', null, null, null, null, null, null, null, '');
-- REPLACE INTO locales_creature VALUES ('50471', '', '', '', '', '', '', '', 'Зараженный житель Гилнеаса', null, null, null, null, null, null, null, '');
-- REPLACE INTO locales_creature VALUES ('35167', '', '', '', '', '', '', '', 'Ворген-вожак', null, null, null, null, null, null, null, '');
-- REPLACE INTO locales_creature VALUES ('35170', '', '', '', '', '', '', '', 'Ворген-вожак', null, null, null, null, null, null, null, '');
-- REPLACE INTO locales_creature VALUES ('35188', '', '', '', '', '', '', '', 'Низкорослый ворген', null, null, null, null, null, null, null, '');
-- REPLACE INTO locales_creature VALUES ('35456', '', '', '', '', '', '', '', 'Низкорослый ворген', null, null, null, null, null, null, null, '');
-- REPLACE INTO locales_creature VALUES ('35229', '', '', '', '', '', '', '', 'Ловец из стаи Кровавого Клыка', null, null, null, null, null, null, null, '');
-- REPLACE INTO locales_creature VALUES ('35231', '', '', '', '', '', '', '', 'Лошадь Краули', null, null, null, null, null, null, null, '');	
-- REPLACE INTO locales_creature VALUES ('35369', '', '', '', '', '', '', '', 'Джосайя Авери', null, null, null, null, null, null, null, '');	
-- REPLACE INTO locales_creature VALUES ('35370', '', '', '', '', '', '', '', 'Джосайя Авери', null, null, null, null, null, null, null, '');
-- REPLACE INTO locales_creature VALUES ('35374', '', '', '', '', '', '', '', 'Generic Trigger LAB - Multiphase', null, null, null, null, null, null, null, '');
-- REPLACE INTO locales_creature VALUES ('35378', '', '', '', '', '', '', '', 'Лорна Краули', null, null, null, null, null, null, null, '');
-- REPLACE INTO locales_creature VALUES ('35463', '', '', '', '', '', '', '', 'Скрытень из стаи Кровавых Клыков', null, null, null, null, null, null, null, '');
-- REPLACE INTO locales_creature VALUES ('35550', '', '', '', '', '', '', '', 'Король Генн Седогрив', null, null, null, null, null, null, null, '');
-- REPLACE INTO locales_creature VALUES ('35566', '', '', '', '', '', '', '', 'Лорд Дарий Краули', null, null, null, null, null, null, null, '');
-- REPLACE INTO locales_creature VALUES ('35631', '', '', '', '', '', '', '', 'Гилнеасский мастиф', null, null, null, null, null, null, null, '');
-- REPLACE INTO locales_creature VALUES ('35660', '', '', '', '', '', '', '', 'Озлобленный ворген', null, null, null, null, null, null, null, '');
-- REPLACE INTO locales_creature VALUES ('35839', '', '', '', '', '', '', '', 'Сержант Клиз', null, null, null, null, null, null, null, 'Наставник воинов');
-- REPLACE INTO locales_creature VALUES ('35839', '', '', '', '', '', '', '', 'Сержант Клиз', null, null, null, null, null, null, null, 'Наставник воинов');
-- REPLACE INTO locales_creature VALUES ('35870', '', '', '', '', '', '', '', 'Сестра Альмира', null, null, null, null, null, null, null, 'Наставница жрецов');
-- REPLACE INTO locales_creature VALUES ('35871', '', '', '', '', '', '', '', 'Лорен Укрывательница', null, null, null, null, null, null, null, 'Наставница разбойников');
-- REPLACE INTO locales_creature VALUES ('35872', '', '', '', '', '', '', '', 'Мириам Пробудительница Чар', null, null, null, null, null, null, null, 'Наставница магов');	
-- REPLACE INTO locales_creature VALUES ('35873', '', '', '', '', '', '', '', 'Целестина Урожайная', null, null, null, null, null, null, null, 'Наставница друидов');
-- REPLACE INTO locales_creature VALUES ('35874', '', '', '', '', '', '', '', 'Ловчий Блейк', null, null, null, null, null, null, null, 'Наставник охотников');
-- REPLACE INTO locales_creature VALUES ('35905', '', '', '', '', '', '', '', 'Конь короля Седогрива', null, null, null, null, null, null, null, '');
-- REPLACE INTO locales_creature VALUES ('35906', '', '', '', '', '', '', '', 'Лорд Годфри', null, null, null, null, null, null, null, '');
-- REPLACE INTO locales_creature VALUES ('35907', '', '', '', '', '', '', '', 'Креннан Аранас', null, null, null, null, null, null, null, 'Светоч алхимии');
-- REPLACE INTO smart_scripts VALUES ('35907', '0', '0', '0', '25', '0', '100', '0', '0', '0', '0', '0', '33', '35907', '0', '0', '0', '0', '0', '18', '10', '0', '0', '0', '0', '0', '0', '');
-- REPLACE INTO smart_scripts VALUES ('35907', '0', '1', '0', '25', '0', '100', '0', '0', '0', '0', '0', '11', '67002', '2', '0', '0', '0', '0', '11', '35905', '10', '0', '0', '0', '0', '0', '');
-- REPLACE INTO locales_creature VALUES ('35911', '', '', '', '', '', '', '', 'Король Генн Седогрив', null, null, null, null, null, null, null, '');
-- REPLACE INTO locales_creature VALUES ('36140', '', '', '', '', '', '', '', 'Принц Лиам Седогрив', null, null, null, null, null, null, null, '');
-- REPLACE INTO locales_creature VALUES ('36200', '', '', '', '', '', '', '', 'Tremors Credit', null, null, null, null, null, null, null, '');
-- REPLACE INTO locales_creature VALUES ('36205', '', '', '', '', '', '', '', 'Заколотый страж', null, null, null, null, null, null, null, '');
-- REPLACE INTO locales_creature VALUES ('36211', '', '', '', '', '', '', '', 'Страж из Темной Гавани', null, null, null, null, null, null, null, '');
-- REPLACE INTO locales_creature VALUES ('36231', '', '', '', '', '', '', '', 'Кошмарное поганище', null, null, null, null, null, null, null, '');
-- REPLACE INTO locales_creature VALUES ('36283', '', '', '', '', '', '', '', 'Катапульта Отрекшихся', null, null, null, null, null, null, null, '');
-- REPLACE INTO locales_creature VALUES ('36287', '', '', '', '', '', '', '', 'Синтия', null, null, null, null, null, null, null, '');
-- REPLACE INTO locales_creature VALUES ('36288', '', '', '', '', '', '', '', 'Эшли', null, null, null, null, null, null, null, '');
-- REPLACE INTO locales_creature VALUES ('36289', '', '', '', '', '', '', '', 'Джеймс', null, null, null, null, null, null, null, '');
-- REPLACE INTO locales_creature VALUES ('36294', '', '', '', '', '', '', '', 'Корот Сметигор', null, null, null, null, null, null, null, '');
-- REPLACE INTO locales_creature VALUES ('36312', '', '', '', '', '', '', '', 'Темный следопыт Тиала', null, null, null, null, null, null, null, '');
-- REPLACE INTO locales_creature VALUES ('36331', '', '', '', '', '', '', '', 'Креннан Аранас', null, null, null, null, null, null, null, 'Королевский химик');
-- REPLACE INTO locales_creature VALUES ('36332', '', '', '', '', '', '', '', 'Король Генн Седогрив', null, null, null, null, null, null, null, '');
-- REPLACE INTO locales_creature VALUES ('36409', '', '', '', '', '', '', '', 'Боевой мастиф', null, null, null, null, null, null, null, '');
-- REPLACE INTO locales_creature VALUES ('36440', '', '', '', '', '', '', '', 'Утопающий страж', null, null, null, null, null, null, null, '');
-- REPLACE INTO locales_creature VALUES ('36451', '', '', '', '', '', '', '', 'Принц Лиам Седогрив', null, null, null, null, null, null, null, '');
-- REPLACE INTO locales_creature VALUES ('36452', '', '', '', '', '', '', '', 'Гвен Армстед', null, null, null, null, null, null, null, 'Мэр Темной Гавани');
-- REPLACE INTO locales_creature VALUES ('36458', '', '', '', '', '', '', '', 'Бабуля Валь', null, null, null, null, null, null, null, '');
-- REPLACE INTO locales_creature VALUES ('36454', '', '', '', '', '', '', '', 'Тим Хейвард', null, null, null, null, null, null, null, '');
-- REPLACE INTO locales_creature VALUES ('36455', '', '', '', '', '', '', '', 'Уолт Хейвард', null, null, null, null, null, null, null, '');
-- REPLACE INTO locales_creature VALUES ('36491', '', '', '', '', '', '', '', 'Трент Хейвард', null, null, null, null, null, null, null, '');
-- REPLACE INTO locales_creature VALUES ('36492', '', '', '', '', '', '', '', 'Рон Хейвард', null, null, null, null, null, null, null, '');
-- REPLACE INTO locales_creature VALUES ('36457', '', '', '', '', '', '', '', 'Лорна Краули', null, null, null, null, null, null, null, '');	
-- REPLACE INTO locales_creature VALUES ('37783', '', '', '', '', '', '', '', 'Лорна Краули', null, null, null, null, null, null, null, '');
-- REPLACE INTO locales_creature VALUES ('36459', '', '', '', '', '', '', '', 'Шанс', null, null, null, null, null, null, null, '');
-- REPLACE INTO locales_creature VALUES ('36461', '', '', '', '', '', '', '', 'Люций Жестокий', null, null, null, null, null, null, null, '');
-- REPLACE INTO locales_creature VALUES ('36540', '', '', '', '', '', '', '', 'Горный конь', null, null, null, null, null, null, null, '');
-- REPLACE INTO locales_creature VALUES ('36555', '', '', '', '', '', '', '', 'Горный конь', null, null, null, null, null, null, null, '');
-- REPLACE INTO locales_creature VALUES ('36616', '', '', '', '', '', '', '', 'Адмирал Ночной Ветер', null, null, null, null, null, null, null, '');
-- REPLACE INTO locales_creature VALUES ('36741', '', '', '', '', '', '', '', 'Стремительный горный конь', null, null, null, null, null, null, null, '');
-- REPLACE INTO locales_creature VALUES ('36743', '', '', '', '', '', '', '', 'Король Генн Седогрив', null, null, null, null, null, null, null, '');	
-- REPLACE INTO locales_creature VALUES ('37065', '', '', '', '', '', '', '', 'Принц Лиам Седогрив', null, null, null, null, null, null, null, '');
-- REPLACE INTO locales_creature VALUES ('37067', '', '', '', '', '', '', '', 'Уцелевший в катастрофе', null, null, null, null, null, null, null, '');
-- REPLACE INTO locales_creature VALUES ('37078', '', '', '', '', '', '', '', 'Трясинный кроколиск', null, null, null, null, null, null, null, '');
-- REPLACE INTO locales_creature VALUES ('37195', '', '', '', '', '', '', '', 'Лорд Дарий Краули', null, null, null, null, null, null, null, '');
-- REPLACE INTO locales_creature VALUES ('37806', '', '', '', '', '', '', '', 'Капитан Астер', null, null, null, null, null, null, null, '');
-- REPLACE INTO locales_creature VALUES ('37808', '', '', '', '', '', '', '', 'Корот Сметигор', null, null, null, null, null, null, null, '');
-- REPLACE INTO locales_creature VALUES ('37874', '', '', '', '', '', '', '', 'Креннан Аранас', null, null, null, null, null, null, null, 'Королевский химик');
-- REPLACE INTO locales_creature VALUES ('37875', '', '', '', '', '', '', '', 'Лорд Годфри', null, null, null, null, null, null, null, '');
-- REPLACE INTO locales_creature VALUES ('37876', '', '', '', '', '', '', '', 'Король Генн Седогрив', null, null, null, null, null, null, null, '');
-- REPLACE INTO locales_creature VALUES ('37889', '', '', '', '', '', '', '', 'Кладбищенская крыса', null, null, null, null, null, null, null, '');
-- REPLACE INTO locales_creature VALUES ('37891', '', '', '', '', '', '', '', 'Подземный паук', null, null, null, null, null, null, null, '');
-- REPLACE INTO locales_creature VALUES ('37892', '', '', '', '', '', '', '', 'Подгнивший червь', null, null, null, null, null, null, null, '');
-- REPLACE INTO locales_creature VALUES ('37953', '', '', '', '', '', '', '', 'Темный разведчик', null, null, null, null, null, null, null, '');
-- REPLACE INTO locales_creature VALUES ('38027', '', '', '', '', '', '', '', 'Тал\'доренский следопыт', null, null, null, null, null, null, null, '');
-- REPLACE INTO locales_creature VALUES ('38029', '', '', '', '', '', '', '', 'Тобиас Мистмантл', null, null, null, null, null, null, null, '');
-- REPLACE INTO locales_creature VALUES ('38051', '', '', '', '', '', '', '', 'Тобиас Мистмантл', null, null, null, null, null, null, null, '');
-- REPLACE INTO locales_creature VALUES ('38218', '', '', '', '', '', '', '', 'Принц Лиам Седогрив', null, null, null, null, null, null, null, '');
-- REPLACE INTO locales_creature VALUES ('38221', '', '', '', '', '', '', '', 'Ополченец Гилнеаса', null, null, null, null, null, null, null, '');
-- REPLACE INTO locales_creature VALUES ('38287', '', '', '', '', '', '', '', 'Катапульта Отрекшихся', null, null, null, null, null, null, null, '');
-- REPLACE INTO locales_creature VALUES ('38331', '', '', '', '', '', '', '', 'Гнилокров', null, null, null, null, null, null, null, '');
-- REPLACE INTO locales_creature VALUES ('38348', '', '', '', '', '', '', '', 'Ворген-воин', null, null, null, null, null, null, null, '');
-- REPLACE INTO locales_creature VALUES ('38377', '', '', '', '', '', '', '', 'Разбитая катапульта', null, null, null, null, null, null, null, '');
-- REPLACE INTO locales_creature VALUES ('38415', '', '', '', '', '', '', '', 'Лорд Дарий Краули', null, null, null, null, null, null, null, '');
-- REPLACE INTO locales_creature VALUES ('38424', '', '', '', '', '', '', '', 'Углекаменная пушка', null, null, null, null, null, null, null, '');
-- REPLACE INTO locales_creature VALUES ('38426', '', '', '', '', '', '', '', 'Лорна Краули', null, null, null, null, null, null, null, '');
-- REPLACE INTO locales_creature VALUES ('38464', '', '', '', '', '', '', '', 'Темный следопыт - гвардеец', null, null, null, null, null, null, null, '');
-- REPLACE INTO locales_creature VALUES ('38465', '', '', '', '', '', '', '', 'Мириам Пробудительница Чар', null, null, null, null, null, null, null, 'Наставница магов');
-- REPLACE INTO locales_creature VALUES ('38466', '', '', '', '', '', '', '', 'Сестра Альмира', null, null, null, null, null, null, null, 'Наставница жрецов');
-- REPLACE INTO locales_creature VALUES ('38469', '', '', '', '', '', '', '', 'Леди Сильвана Ветрокрылая', null, null, null, null, null, null, null, 'Королева банши');
-- REPLACE INTO locales_creature VALUES ('38470', '', '', '', '', '', '', '', 'Король Генн Седогрив', null, null, null, null, null, null, null, '');
-- REPLACE INTO locales_creature VALUES ('38507', '', '', '', '', '', '', '', 'Тобиас Мистмантл', null, null, null, null, null, null, null, '');
-- REPLACE INTO locales_creature VALUES ('38530', '', '', '', '', '', '', '', 'Леди Сильвана Ветрокрылая', null, null, null, null, null, null, null, 'Королева банши');
-- REPLACE INTO locales_creature VALUES ('38533', '', '', '', '', '', '', '', 'Генерал Ворхол', null, null, null, null, null, null, null, '');
-- REPLACE INTO locales_creature VALUES ('38537', '', '', '', '', '', '', '', 'Верховный палач Креншо', null, null, null, null, null, null, null, '');
-- REPLACE INTO locales_creature VALUES ('38540', '', '', '', '', '', '', '', 'Пойманный нетопырь', null, null, null, null, null, null, null, '');
-- REPLACE INTO locales_creature VALUES ('38553', '', '', '', '', '', '', '', 'Креннан Аранас', null, null, null, null, null, null, null, 'Королевский химик');
-- REPLACE INTO locales_creature VALUES ('38611', '', '', '', '', '', '', '', 'Лорна Краули', null, null, null, null, null, null, null, '');
-- REPLACE INTO locales_creature VALUES ('38755', '', '', '', '', '', '', '', 'Оглобля', null, null, null, null, null, null, null, '');
-- REPLACE INTO locales_creature VALUES ('38766', '', '', '', '', '', '', '', 'Лорд Годфри', null, null, null, null, null, null, null, '');
-- REPLACE INTO locales_creature VALUES ('38767', '', '', '', '', '', '', '', 'Король Генн Седогрив', null, null, null, null, null, null, null, '');
-- REPLACE INTO locales_creature VALUES ('38768', '', '', '', '', '', '', '', 'Лорна Краули', null, null, null, null, null, null, null, '');
-- REPLACE INTO locales_creature VALUES ('44428', '', '', '', '', '', '', '', 'Лошадь Краули', null, null, null, null, null, null, null, '');
-- REPLACE INTO locales_creature VALUES ('50247', '', '', '', '', '', '', '', 'Джек \"На все руки мастер\" Деррингтон', null, null, null, null, null, null, null, 'Наставник в ремеслах');
-- REPLACE INTO locales_creature VALUES ('50420', '', '', '', '', '', '', '', 'Gilneas - Cannon Camera', null, null, null, null, null, null, null, '');
-- REPLACE INTO locales_creature VALUES ('51083', '', '', '', '', '', '', '', 'Gilneas Funeral Camera', null, null, null, null, null, null, null, '');


